,left,top,width,height,conf,text,x,y,PageHeight,PageWidth,isTop,isBottom,isRight,isLeft,date,dated,invoice,inv,delivery,order,due,payment,tax,bill,receipt,issue,invoice date,invoice dt,due date,payment due date,ack date,ack dt,imageName,contextPresent,contextDist,output
72,1713,256,203,28,96.087402,21-07-2022,1916,284,3504,2479,0,0,0,0,118.308917668957,118.308917668957,688.104643204796,0,0,0,0,0,870.90412790387,0,0,0,688.104643204796,688.104643204796,0,0,0,0,1.jpeg,1,688.104643204796,1
73,1713,256,203,28,96.087402,21-07-2022 ,1916,284,3504,2479,0,0,0,0,118.308917668957,118.308917668957,688.104643204796,0,0,0,0,0,870.90412790387,0,0,0,688.104643204796,688.104643204796,0,0,0,0,1.jpeg,1,688.104643204796,1
206,1648,1936,214,31,79.921706,1-oct-22. to 31 ,1862,1967,3504,2479,0,0,0,0,308.825193272829,308.825193272829,1077.89470728824,597.944813507066,981.37556521446,778.874187529668,531.73771730055,324.779925488014,2083.1533788946,1686.34664289404,0,0,0,1077.89470728824,0,0,2156.32001335609,2156.32001335609,2.jpeg,1,1077.89470728824,0
204,1648,1936,136,31,48.239994,1-oct-22.,1784,1967,3504,2479,0,0,0,0,265.648263687155,265.648263687155,1049.66518471368,533.413535636283,951.67746637188,750.41388579903,463.220249989139,457.09626994759,2049.06320058704,1614.41413522058,0,0,0,1049.66518471368,0,0,2099.24367332618,2099.24367332618,2.jpeg,1,1049.66518471368,0
203,376,486,163,35,95.528168,22-sep-22,539,521,3504,2479,0,0,0,0,261.03064954139,261.03064954139,0,0,0,0,0,0,0,0,0,0,0,0,0,0,273.029302456714,273.029302456714,2.jpeg,0,0,0
205,376,486,163,35,95.528168,22-sep-22 ,539,521,3504,2479,0,0,0,0,261.03064954139,261.03064954139,0,0,0,0,0,0,0,0,0,0,0,0,0,0,273.029302456714,273.029302456714,2.jpeg,0,0,0
51,2100,779,172,37,86.337227,1-mar-23,2272,816,3300,2550,0,0,0,0,293.109194669836,293.109194669836,392.081624154971,0,0,0,0,0,0,0,0,0,392.081624154971,392.081624154971,0,0,0,0,3.jpeg,1,392.081624154971,1
52,2098,901,192,35,88.9786,27-feb-23,2290,936,3300,2550,0,0,0,0,336.001488091943,336.001488091943,429.516006686596,0,0,0,0,0,0,0,0,0,429.516006686596,429.516006686596,0,0,0,0,3.jpeg,1,429.516006686596,0
53,2100,779,172,37,86.337227,1-mar-23 ,2272,816,3300,2550,0,0,0,0,293.109194669836,293.109194669836,392.081624154971,0,0,0,0,0,0,0,0,0,392.081624154971,392.081624154971,0,0,0,0,3.jpeg,1,392.081624154971,1
54,2098,901,192,35,88.9786,27-feb-23 ,2290,936,3300,2550,0,0,0,0,336.001488091943,336.001488091943,429.516006686596,0,0,0,0,0,0,0,0,0,429.516006686596,429.516006686596,0,0,0,0,3.jpeg,1,429.516006686596,0
50,1486,607,271,33,67.167625,28-sep-2022,1757,640,3508,2481,0,0,0,0,276,276,374.509011907591,0,0,0,0,0,591.684037303695,0,0,0,0,374.509011907591,0,0,0,0,5.jpeg,1,374.509011907591,1
93,1654,810,236,28,92.880798,31st jan-2023 ,1890,838,3300,2550,0,0,0,0,476.806040230197,476.806040230197,1417,0,0,0,0,0,0,0,0,0,0,1417,0,0,0,0,6.jpeg,1,1417,1
63,2038,522,104,21,91.146561,01.01.23,2142,543,3500,2479,0,0,0,0,325.338285481435,325.338285481435,0,0,0,0,397.846704146208,0,0,388.011597764809,0,0,0,0,334.641599326802,0,0,0,7.jpeg,0,0,0
64,2038,608,100,26,84.009232,01.12.22,2138,634,3500,2479,0,0,0,0,288.6884133456,288.6884133456,347.061954123468,0,0,0,430.777204596529,0,0,385.020778660061,0,0,297.576880822419,297.576880822419,373.909079857657,0,0,0,7.jpeg,1,297.576880822419,0
70,2002,1034,105,21,79.565109,16-01-23 ,2107,1055,3500,2479,0,0,0,0,531.606057151346,531.606057151346,488.460847970439,0,0,0,720.433897037057,1438.03477009424,0,553.119336129194,0,0,535.964551066579,535.964551066579,690.954412389124,0,0,0,7.jpeg,1,488.460847970439,0
68,2038,522,104,21,91.146561,01.01.23 ,2142,543,3500,2479,0,0,0,0,325.338285481435,325.338285481435,0,0,0,0,397.846704146208,0,0,388.011597764809,0,0,0,0,334.641599326802,0,0,0,7.jpeg,0,0,0
66,2002,1034,105,21,79.565109,16-01-23,2107,1055,3500,2479,0,0,0,0,531.606057151346,531.606057151346,488.460847970439,0,0,0,720.433897037057,1438.03477009424,0,553.119336129194,0,0,535.964551066579,535.964551066579,690.954412389124,0,0,0,7.jpeg,1,488.460847970439,0
67,2000,396,170,27,91.6332876666667,16 jan 2023 ,2170,423,3500,2479,0,0,0,0,330.001515148037,330.001515148037,0,0,0,0,407.001228499374,0,0,1299.901919377,0,0,0,0,340.001470585055,0,0,0,7.jpeg,0,0,0
71,1768,1197,150,17,95.66247725,before 16 jan 2023 ,1918,1214,3500,2479,0,0,0,0,629.365553553736,629.365553553736,548.207989726527,0,0,0,807.024782766923,1260.38168821988,0,576.139739993693,0,0,630.358628084045,630.358628084045,796.873892156093,0,0,0,7.jpeg,1,548.207989726527,0
65,2175,613,101,21,93.308136,31.12.22,2276,634,3500,2479,0,0,0,0,425.493830742586,425.493830742586,484.190045333441,0,0,0,555.079273617742,0,0,523.01529614343,0,0,434.442171065379,434.442171065379,493.821830218147,0,0,0,7.jpeg,1,434.442171065379,0
69,2038,608,224,26,90.8191936666667,01.12.22 to 31.12.22 ,2262,634,3500,2479,0,0,0,0,411.578668057517,411.578668057517,470.255249837788,0,0,0,542.166948457761,0,0,509.015716849686,0,0,420.523483291956,420.523483291956,481.215128606739,0,0,0,7.jpeg,1,420.523483291956,0
179,156,1309,150,26,96.207504,09/12/2022,306,1335,3300,2550,0,0,0,0,155.618122337985,155.618122337985,0,0,0,0,0,0,0,0,0,0,0,0,0,0,0,0,8.jpeg,0,0,0
185,1846,959,306,26,91.9397963333333,11/12/2022 12:00:00 pm ,2152,985,3300,2550,0,0,0,0,680.00073529372,680.00073529372,0,0,0,0,0,0,0,0,0,0,0,0,0,0,0,0,8.jpeg,0,0,0
186,156,1219,154,29,89.334175,09/12/2022. ,310,1248,3300,2550,0,0,0,0,98.3869910099908,98.3869910099908,0,0,0,0,0,0,0,0,0,0,0,0,0,0,0,0,8.jpeg,0,0,0
184,1826,908,323,32,94.17568375,: 09/12/2022 06:16:29 pm ,2149,940,3300,2550,0,0,0,0,677.166153909068,677.166153909068,0,0,0,0,0,0,0,0,0,0,0,0,0,0,0,0,8.jpeg,0,0,0
191,152,1937,153,31,76.112793,11/12/2022 ,305,1968,3300,2550,0,0,0,0,768.495283004392,768.495283004392,0,0,0,0,0,0,0,0,0,0,0,0,0,0,0,0,8.jpeg,0,0,0
190,159,1752,146,30,96.736031,11/12/2022 ,305,1782,3300,2550,0,0,0,0,583.928934032216,583.928934032216,0,0,0,0,0,0,0,0,0,0,0,0,0,0,0,0,8.jpeg,0,0,0
189,159,1578,147,25,96.211014,10/12/2022 ,306,1603,3300,2550,0,0,0,0,407.7462446179,407.7462446179,0,0,0,0,0,0,0,0,0,0,0,0,0,0,0,0,8.jpeg,0,0,0
183,152,1937,153,31,76.112793,11/12/2022,305,1968,3300,2550,0,0,0,0,768.495283004392,768.495283004392,0,0,0,0,0,0,0,0,0,0,0,0,0,0,0,0,8.jpeg,0,0,0
182,159,1752,146,30,96.736031,11/12/2022,305,1782,3300,2550,0,0,0,0,583.928934032216,583.928934032216,0,0,0,0,0,0,0,0,0,0,0,0,0,0,0,0,8.jpeg,0,0,0
181,159,1578,147,25,96.211014,10/12/2022,306,1603,3300,2550,0,0,0,0,407.7462446179,407.7462446179,0,0,0,0,0,0,0,0,0,0,0,0,0,0,0,0,8.jpeg,0,0,0
180,152,1487,154,26,43.572483,10/12/2022,306,1513,3300,2550,0,0,0,0,320.213990949802,320.213990949802,0,0,0,0,0,0,0,0,0,0,0,0,0,0,0,0,8.jpeg,0,0,0
178,156,1219,154,29,89.334175,09/12/2022.,310,1248,3300,2550,0,0,0,0,98.3869910099908,98.3869910099908,0,0,0,0,0,0,0,0,0,0,0,0,0,0,0,0,8.jpeg,0,0,0
177,1846,959,145,26,84.220947,11/12/2022,1991,985,3300,2550,0,0,0,0,519.000963390243,519.000963390243,0,0,0,0,0,0,0,0,0,0,0,0,0,0,0,0,8.jpeg,0,0,0
176,1841,896,152,32,96.94503,09/12/2022,1993,928,3300,2550,0,0,0,0,521.008637164491,521.008637164491,0,0,0,0,0,0,0,0,0,0,0,0,0,0,0,0,8.jpeg,0,0,0
188,152,1487,154,26,43.572483,10/12/2022 ,306,1513,3300,2550,0,0,0,0,320.213990949802,320.213990949802,0,0,0,0,0,0,0,0,0,0,0,0,0,0,0,0,8.jpeg,0,0,0
187,156,1309,150,26,96.207504,09/12/2022 ,306,1335,3300,2550,0,0,0,0,155.618122337985,155.618122337985,0,0,0,0,0,0,0,0,0,0,0,0,0,0,0,0,8.jpeg,0,0,0
139,716,561,193,39,0,31/01/2023 ,909,600,3507,2481,0,0,0,0,539.059365932918,539.059365932918,620.097572967352,0,0,0,0,0,0,0,0,0,551.022685558408,551.022685558408,0,0,0,0,12.jpeg,1,551.022685558408,1
138,933,2497,170,30,96.451363,2023-01-31,1103,2527,3507,2481,0,0,0,0,2004.16890505766,2004.16890505766,754.74035270416,976.3780005715,0,0,2036.98060864604,1116.65079590712,0,0,0,0,2070.66390319627,2070.66390319627,2008.46458768881,0,331.001510570571,0,12.jpeg,1,754.74035270416,0
137,716,653,193,33,0,$10/02/2023,909,686,3507,2481,0,0,0,0,547.135266638882,547.135266638882,627.542030464893,0,0,0,665.027067118324,0,0,0,0,0,558.463964817785,558.463964817785,595.030251331813,0,0,0,12.jpeg,1,558.463964817785,0
136,716,561,193,39,0,31/01/2023,909,600,3507,2481,0,0,0,0,539.059365932918,539.059365932918,620.097572967352,0,0,0,0,0,0,0,0,0,551.022685558408,551.022685558408,0,0,0,0,12.jpeg,1,551.022685558408,1
140,716,653,193,33,0,$10/02/2023 ,909,686,3507,2481,0,0,0,0,547.135266638882,547.135266638882,627.542030464893,0,0,0,665.027067118324,0,0,0,0,0,558.463964817785,558.463964817785,595.030251331813,0,0,0,12.jpeg,1,558.463964817785,0
141,933,2497,297,31,96.6558495,2023-01-31 12:57:00 ,1230,2528,3507,2481,0,0,0,0,453,453,844.474392743794,1075.60029750833,1891.68390594201,0,2094.58826502967,1206.00041459363,0,0,0,0,2120.58317450648,2120.58317450648,2062.56151423418,0,458.00436679141,0,12.jpeg,1,844.474392743794,0
250,2134,3192,124,41,74.833214,4-apr-2021),2258,3233,5313,3542,0,0,0,0,2767.81953891506,2410.2541359782,1693.64222904367,0,1969.56568816579,0,0,2020.93171581823,2534.57945229579,2474.42761057987,0,0,3128.27444448213,3128.27444448213,0,0,0,2812.66030654254,13.jpeg,1,1693.64222904367,0
251,1875,3320,163,34,95.801445,24-sep-22,2038,3354,5313,3542,0,0,0,0,2808.37960397094,2510.58957219216,1504.96146130059,0,1996.75837296354,0,0,0,2602.34701759777,2509.3515098527,0,0,3211.76462400345,3211.76462400345,0,0,0,2846.37541445256,13.jpeg,1,1504.96146130059,0
247,1232,624,183,40,85.192352,:24-sep-22:,1415,664,5313,3542,0,0,0,0,0,0,0,0,0,0,0,0,509.558632543891,0,0,0,0,0,0,0,0,284.112653713276,13.jpeg,0,0,0
248,1824,882,167,35,77.330482,24-sep-22,1991,917,5313,3542,0,0,0,0,812.114523943514,97.6217188949263,779.241297673577,0,0,0,0,0,443.125264456903,0,0,0,830.591355601538,830.591355601538,0,0,0,898.732997057524,13.jpeg,1,779.241297673577,1
252,1147,618,254,50,88.6754835,date :24-sep-22: ,1401,668,5313,3542,0,0,0,0,183,183,0,0,0,0,0,0,511.141858978503,0,0,0,0,0,0,0,0,270.266535109325,13.jpeg,0,0,0
253,1824,882,167,35,77.330482,24-sep-22 ,1991,917,5313,3542,0,0,0,0,812.114523943514,97.6217188949263,779.241297673577,0,0,0,0,0,443.125264456903,0,0,0,830.591355601538,830.591355601538,0,0,0,898.732997057524,13.jpeg,1,779.241297673577,1
254,1322,1243,171,35,89.8394395,/ 14-sep-22 ,1493,1278,5313,3542,0,0,0,0,669.122559775113,669.122559775113,513.719767966934,0,0,0,0,0,1128.03634693214,386.214966048702,0,0,0,513.719767966934,0,0,0,719.672147578326,13.jpeg,1,513.719767966934,0
255,1367,3194,821,42,88.3667465454545,"authenticated by excellent gravure industries pvt, ltd, [21-22] - (from 4-apr-2021) ",2188,3236,5313,3542,0,0,0,0,2745.09089102711,2404.53654578174,1625.18460489878,0,1942.3954283307,0,0,2020.77608853628,2519.24790364108,2449.9259172473,0,0,3117.97370097953,3117.97370097953,0,0,0,2788.12643185348,13.jpeg,1,1625.18460489878,0
249,1344,1244,160,35,96.256798,14-sep-22,1504,1279,5313,3542,0,0,0,0,674.623598757114,674.623598757114,520.586208038592,0,0,0,0,0,1130.74311848448,393.629267204561,0,0,0,520.586208038592,0,0,0,726.125333534095,13.jpeg,1,520.586208038592,0
256,1823,3325,288,34,85.2929916666667,on 24-sep-22 12:59 ,2111,3359,5313,3542,0,0,0,0,2835.30068952131,2519.94801533682,1576.70320606004,0,2026.37064724102,0,0,0,2621.49041577497,2537.53285693013,0,0,3226.75099752057,3226.75099752057,0,0,0,2875.17112534193,13.jpeg,1,1576.70320606004,0
109,2111,684,110,26,93.220062,10/04/22,2221,710,3508,2481,0,0,0,0,0,0,938.35227926403,0,0,0,0,0,1084.11669113615,0,0,0,0,938.35227926403,0,0,0,0,15.jpeg,1,938.35227926403,1
118,1118,1560,131,19,93.218086,16-10-2022 ,1249,1579,3508,2481,0,0,0,0,0,0,0,0,0,0,0,0,989.692881655719,0,0,0,0,0,0,0,0,0,15.jpeg,0,0,0
117,880,1557,128,27,96.329918,9/10/2022 ,1008,1584,3508,2481,0,0,0,0,0,0,0,0,0,0,0,0,0,0,0,0,0,0,0,0,0,0,15.jpeg,0,0,0
111,1118,1354,131,19,96.785042,16-10-2022,1249,1373,3508,2481,0,0,0,0,0,0,0,0,0,0,0,0,785.187875606851,0,0,0,0,0,0,0,0,0,15.jpeg,0,0,0
112,880,1557,128,27,96.329918,9/10/2022,1008,1584,3508,2481,0,0,0,0,0,0,0,0,0,0,0,0,0,0,0,0,0,0,0,0,0,0,15.jpeg,0,0,0
113,1118,1560,131,19,93.218086,16-10-2022,1249,1579,3508,2481,0,0,0,0,0,0,0,0,0,0,0,0,989.692881655719,0,0,0,0,0,0,0,0,0,15.jpeg,0,0,0
110,882,1351,126,32,96.661552,9/10/2022,1008,1383,3508,2481,0,0,0,0,0,0,0,0,0,0,0,0,0,0,0,0,0,0,0,0,0,0,15.jpeg,0,0,0
114,2111,684,110,26,93.220062,10/04/22 ,2221,710,3508,2481,0,0,0,0,0,0,938.35227926403,0,0,0,0,0,1084.11669113615,0,0,0,0,938.35227926403,0,0,0,0,15.jpeg,1,938.35227926403,1
115,882,1351,126,32,96.661552,9/10/2022 ,1008,1383,3508,2481,0,0,0,0,0,0,0,0,0,0,0,0,0,0,0,0,0,0,0,0,0,0,15.jpeg,0,0,0
116,1118,1354,131,19,96.785042,16-10-2022 ,1249,1373,3508,2481,0,0,0,0,0,0,0,0,0,0,0,0,785.187875606851,0,0,0,0,0,0,0,0,0,15.jpeg,0,0,0
207,1044,958,172,38,95.630768,10-jan-23,1216,996,3300,2550,0,0,0,0,308.001623372345,308.001623372345,725,0,0,0,0,0,1025.19510338277,0,0,0,725,725,0,0,0,0,16.jpeg,1,725,1
209,833,1287,145,31,96.012817,9/12/22,978,1318,3300,2550,0,0,0,0,330.49810892046,330.49810892046,583.826172760352,0,0,0,0,0,1052.29891190669,0,0,0,583.826172760352,583.826172760352,0,0,0,0,16.jpeg,1,583.826172760352,0
210,648,1379,145,31,96.869278,8/12/22,793,1410,3300,2550,0,0,0,0,0,0,512.445119012758,0,0,0,0,0,1028.67876424081,0,0,0,512.445119012758,512.445119012758,0,0,0,0,16.jpeg,1,512.445119012758,0
215,648,1379,145,31,96.869278,8/12/22 ,793,1410,3300,2550,0,0,0,0,0,0,512.445119012758,0,0,0,0,0,1028.67876424081,0,0,0,512.445119012758,512.445119012758,0,0,0,0,16.jpeg,1,512.445119012758,0
214,555,1288,405,42,96.4096243333333,program date 9/12/22 ,960,1330,3300,2550,0,0,0,0,136.367151469846,136.367151469846,575.775129716454,0,0,0,0,0,1050.65550967003,0,0,0,575.775129716454,575.775129716454,0,0,0,0,16.jpeg,1,575.775129716454,0
213,321,1130,145,31,74.454445,9/12/22 ,466,1161,3300,2550,0,0,0,0,0,0,585.577492736871,0,0,0,0,0,680.624713039425,0,0,0,0,585.577492736871,0,0,0,0,16.jpeg,1,585.577492736871,0
208,321,1130,145,31,74.454445,9/12/22,466,1161,3300,2550,0,0,0,0,0,0,585.577492736871,0,0,0,0,0,680.624713039425,0,0,0,0,585.577492736871,0,0,0,0,16.jpeg,1,585.577492736871,0
211,2178,2368,118,18,92.070343,2022.12.09,2296,2386,3300,2550,0,0,0,0,1817.45426352357,1817.45426352357,2278.1845842688,1223.41162328956,0,0,0,0,2733.62854096894,0,0,0,2278.1845842688,2278.1845842688,0,0,0,0,16.jpeg,1,2278.1845842688,0
212,1044,958,172,38,95.630768,10-jan-23 ,1216,996,3300,2550,0,0,0,0,308.001623372345,308.001623372345,725,0,0,0,0,0,1025.19510338277,0,0,0,725,725,0,0,0,0,16.jpeg,1,725,1
49,174,1726,206,71,56.1056095,18 jan.2023- ,380,1797,3507,2480,0,0,0,0,0,0,0,0,0,0,0,0,0,0,0,0,0,0,0,0,0,0,17.jpeg,0,0,0
48,173,1547,185,55,80.77711,"18 jan, 2023 ",358,1602,3507,2480,0,0,0,0,0,0,0,0,0,0,0,0,0,0,0,0,0,0,0,0,0,0,17.jpeg,0,0,0
47,173,1486,194,49,61.702736,18-jan 2023 ,367,1535,3507,2480,0,0,0,0,0,0,0,0,0,0,0,0,0,0,0,0,0,0,0,0,0,0,17.jpeg,0,0,0
274,1575,577,168,45,86.323303,6-12-2022 ,1743,622,3300,2550,0,0,0,0,0,0,0,0,0,0,0,0,0,0,0,0,0,0,0,0,0,0,19.jpeg,0,0,1
273,1575,577,168,45,86.323303,6-12-2022,1743,622,3300,2550,0,0,0,0,0,0,0,0,0,0,0,0,0,0,0,0,0,0,0,0,0,0,19.jpeg,0,0,1
0,552,1142,269,34,46.287964,dot::05/12/2022,821,1176,3500,2525,0,0,0,0,0,0,0,0,0,0,0,0,0,0,229.538667766457,0,0,0,0,0,0,0,20.jpeg,0,0,0
1,552,1142,269,34,46.287964,dot::05/12/2022 ,821,1176,3500,2525,0,0,0,0,0,0,0,0,0,0,0,0,0,0,229.538667766457,0,0,0,0,0,0,0,20.jpeg,0,0,0
83,2153,1546,235,49,57.584457,29/01/2023 ,2388,1595,4967,3512,0,0,0,0,271.066412526525,271.066412526525,1340.00335820475,0,0,0,0,0,2445.24436406671,0,0,0,2305.74434836128,2305.74434836128,0,0,0,0,21.jpeg,1,1340.00335820475,0
82,2694,1281,223,39,95.544235,2023-01-30,2917,1320,4967,3512,0,0,0,0,73.7902432574931,73.7902432574931,2614.3459985243,0,0,0,0,0,2771.38990400124,0,0,0,2614.3459985243,2614.3459985243,0,0,0,0,21.jpeg,1,2614.3459985243,1
79,2694,1281,223,39,95.544235,2023-01-30,2917,1320,4967,3512,0,0,0,0,73.7902432574931,73.7902432574931,2614.3459985243,0,0,0,0,0,2771.38990400124,0,0,0,2614.3459985243,2614.3459985243,0,0,0,0,21.jpeg,1,2614.3459985243,1
80,2153,1546,235,49,57.584457,29/01/2023,2388,1595,4967,3512,0,0,0,0,271.066412526525,271.066412526525,1340.00335820475,0,0,0,0,0,2445.24436406671,0,0,0,2305.74434836128,2305.74434836128,0,0,0,0,21.jpeg,1,1340.00335820475,0
78,111,67,99,30,96.21891,"3/4/23,",210,97,4967,3512,0,0,0,0,0,0,0,0,0,0,0,0,0,0,0,0,0,0,0,0,0,0,21.jpeg,0,0,0
81,111,67,99,30,96.21891,"3/4/23, ",210,97,4967,3512,0,0,0,0,0,0,0,0,0,0,0,0,0,0,0,0,0,0,0,0,0,0,21.jpeg,0,0,0
5,2005,536,179,28,96.255013,05/12/2022 ,2184,564,3300,2550,0,0,0,0,104.403065089106,104.403065089106,627.072563584152,0,0,0,0,0,933.79494537077,1932.96275183978,0,0,0,627.072563584152,0,0,0,0,23.jpeg,1,627.072563584152,1
7,1820,1355,184,29,94.628899,05/12/2022 ,2004,1384,3300,2550,0,0,0,0,232.002155162404,232.002155162404,987.451264620184,0,839.488534763876,0,0,0,1403.20098346602,1961.03671561753,0,0,0,987.451264620184,0,0,0,0,23.jpeg,1,987.451264620184,0
6,2005,681,184,29,96.816185,05/12/2022 ,2189,710,3300,2550,0,0,0,0,108.466584716216,108.466584716216,662.499056603102,0,616.793320326996,0,0,0,1012.35764431351,1948.02926056053,0,0,0,662.499056603102,0,0,0,0,23.jpeg,1,662.499056603102,0
3,2005,681,184,29,96.816185,05/12/2022,2189,710,3300,2550,0,0,0,0,108.466584716216,108.466584716216,662.499056603102,0,616.793320326996,0,0,0,1012.35764431351,1948.02926056053,0,0,0,662.499056603102,0,0,0,0,23.jpeg,1,662.499056603102,0
4,1820,1355,184,29,94.628899,05/12/2022,2004,1384,3300,2550,0,0,0,0,232.002155162404,232.002155162404,987.451264620184,0,839.488534763876,0,0,0,1403.20098346602,1961.03671561753,0,0,0,987.451264620184,0,0,0,0,23.jpeg,1,987.451264620184,0
2,2005,536,179,28,96.255013,05/12/2022,2184,564,3300,2550,0,0,0,0,104.403065089106,104.403065089106,627.072563584152,0,0,0,0,0,933.79494537077,1932.96275183978,0,0,0,627.072563584152,0,0,0,0,23.jpeg,1,627.072563584152,1
56,1924,2617,165,34,71.531387,"-.7,020:00 ",2089,2651,3300,2550,0,0,0,0,1528.88357960964,1528.88357960964,2203.84981339473,0,1546.93115554636,0,0,1824.12307698795,2283.27177532593,0,0,0,2203.84981339473,2203.84981339473,0,0,0,0,25.jpeg,1,2203.84981339473,0
55,1924,2617,165,34,71.531387,"-.7,020:00",2089,2651,3300,2550,0,0,0,0,1528.88357960964,1528.88357960964,2203.84981339473,0,1546.93115554636,0,0,1824.12307698795,2283.27177532593,0,0,0,2203.84981339473,2203.84981339473,0,0,0,0,25.jpeg,1,2203.84981339473,0
43,893,729,185,29,96.421059,02.08.2022,1078,758,2979,3508,0,0,0,0,0,0,886,0,0,0,0,0,0,0,0,0,0,886,0,0,0,0,27.jpeg,1,886,1
44,3130,728,148,31,93.712204,01.08.2022,3278,759,2979,3508,0,0,0,0,247.002024283203,247.002024283203,1608.6282976499,0,0,0,0,0,1800.1344394239,0,0,0,1608.6282976499,1608.6282976499,0,0,0,0,27.jpeg,1,1608.6282976499,0
45,893,729,185,29,96.421059,02.08.2022 ,1078,758,2979,3508,0,0,0,0,0,0,886,0,0,0,0,0,0,0,0,0,0,886,0,0,0,0,27.jpeg,1,886,1
46,3130,728,148,31,93.712204,01.08.2022 ,3278,759,2979,3508,0,0,0,0,247.002024283203,247.002024283203,1608.6282976499,0,0,0,0,0,1800.1344394239,0,0,0,1608.6282976499,1608.6282976499,0,0,0,0,27.jpeg,1,1608.6282976499,0
21,644,2425,455,38,96.5346476666667,01-12-2022 to 31-12-2022 ,1099,2463,3300,2550,0,0,0,0,0,0,1659.03013836398,1983.46288092316,0,0,0,0,1763.25295973096,1694.96312644258,0,0,1659.03013836398,1659.03013836398,0,0,0,0,28.jpeg,1,1659.03013836398,0
15,915,2161,211,36,96.801933,31-12-2022,1126,2197,3300,2550,0,0,0,0,0,0,1404.77471503441,1723.08618472786,0,0,0,0,1532.65586483072,1475.21015452037,0,0,1404.77471503441,1404.77471503441,0,0,0,0,28.jpeg,1,1404.77471503441,0
20,642,2165,458,36,96.405688,01-12-2022 to 31-12-2022 ,1100,2201,3300,2550,0,0,0,0,0,0,1402.68456896053,1723.48774292131,0,0,0,0,1524.59896366225,1465.11603636026,0,0,1402.68456896053,1402.68456896053,0,0,0,0,28.jpeg,1,1402.68456896053,0
19,1908,1025,205,39,96.41349,02/01/2023 ,2113,1064,3300,2550,0,0,0,0,227,227,342.696658869035,1361.93979308925,0,0,345,0,505.689628131723,1768.14507323353,0,0,1343.01526424684,1343.01526424684,237,0,0,0,28.jpeg,1,342.696658869035,0
18,1908,968,211,33,94.371849,02/01/2023. ,2119,1001,3300,2550,0,0,0,0,234,234,331.930715662169,1342.25370180156,0,0,0,0,500.372860974694,1770.9500275276,0,0,1339.57642559131,1339.57642559131,0,0,0,0,28.jpeg,1,331.930715662169,1
16,644,2425,211,37,96.134308,01-12-2022,855,2462,3300,2550,0,0,0,0,0,0,1630.29629208926,0,0,0,0,0,1684.74805238053,1601.06121057254,0,0,1630.29629208926,1630.29629208926,0,0,0,0,28.jpeg,1,1630.29629208926,0
12,1908,968,211,33,94.371849,02/01/2023.,2119,1001,3300,2550,0,0,0,0,234,234,331.930715662169,1342.25370180156,0,0,0,0,500.372860974694,1770.9500275276,0,0,1339.57642559131,1339.57642559131,0,0,0,0,28.jpeg,1,331.930715662169,1
17,915,2424,211,38,96.615639,31-12-2022,1126,2462,3300,2550,0,0,0,0,0,0,1663.29101482573,1985.67394100844,0,0,0,0,1772.76873844278,1706.19166566948,0,0,1663.29101482573,1663.29101482573,0,0,0,0,28.jpeg,1,1663.29101482573,0
14,642,2165,213,35,96.445099,01-12-2022,855,2200,3300,2550,0,0,0,0,0,0,1368.54448228766,0,0,0,0,0,1432.79447235115,1355.02214004052,0,0,1368.54448228766,1368.54448228766,0,0,0,0,28.jpeg,1,1368.54448228766,0
13,1908,1025,205,39,96.41349,02/01/2023,2113,1064,3300,2550,0,0,0,0,227,227,342.696658869035,1361.93979308925,0,0,345,0,505.689628131723,1768.14507323353,0,0,1343.01526424684,1343.01526424684,237,0,0,0,28.jpeg,1,342.696658869035,0
95,1867,864,246,32,96.077812,07-06-2022 ,2113,896,3504,2479,0,0,0,0,0,0,0,0,0,0,0,0,0,0,453.982378512647,0,0,0,0,0,0,0,30.jpeg,0,0,1
94,1867,864,246,32,96.077812,07-06-2022,2113,896,3504,2479,0,0,0,0,0,0,0,0,0,0,0,0,0,0,453.982378512647,0,0,0,0,0,0,0,30.jpeg,0,0,1
257,573,624,229,45,71.056229,:9/30/2022,802,669,3508,2479,0,0,0,0,550.044543650785,550.044543650785,508.126952640775,0,0,0,0,0,0,0,0,0,508.126952640775,508.126952640775,0,0,0,0,31.jpeg,1,508.126952640775,1
259,573,624,229,45,71.056229,:9/30/2022 ,802,669,3508,2479,0,0,0,0,550.044543650785,550.044543650785,508.126952640775,0,0,0,0,0,0,0,0,0,508.126952640775,508.126952640775,0,0,0,0,31.jpeg,1,508.126952640775,1
258,594,691,208,43,0,9/30/2022,802,734,3508,2479,0,0,0,0,453.054080657045,453.054080657045,521.323316186798,0,0,0,565.043361167973,0,0,0,0,0,521.323316186798,521.323316186798,0,0,0,0,31.jpeg,1,521.323316186798,0
260,594,691,208,43,0,9/30/2022 ,802,734,3508,2479,0,0,0,0,453.054080657045,453.054080657045,521.323316186798,0,0,0,565.043361167973,0,0,0,0,0,521.323316186798,521.323316186798,0,0,0,0,31.jpeg,1,521.323316186798,0
153,216,2050,168,50,39.789726,13/jan/23 ,384,2100,3508,2483,0,0,0,0,0,0,0,0,0,0,0,0,1487.19366593595,0,0,0,0,0,0,0,0,0,32.jpeg,0,0,0
152,216,2050,168,50,39.789726,13/jan/23,384,2100,3508,2483,0,0,0,0,0,0,0,0,0,0,0,0,1487.19366593595,0,0,0,0,0,0,0,0,0,32.jpeg,0,0,0
58,297,488,191,31,96.364975,21-mar-2023 ,488,519,3508,2479,0,0,0,0,242.008264321696,242.008264321696,0,0,0,0,0,0,0,0,0,0,0,0,0,0,0,0,34.jpeg,0,0,1
57,297,488,191,31,96.364975,21-mar-2023,488,519,3508,2479,0,0,0,0,242.008264321696,242.008264321696,0,0,0,0,0,0,0,0,0,0,0,0,0,0,0,0,34.jpeg,0,0,1
142,1672,1019,290,25,91.34951775,billing from: 01.nov 2022 ,1962,1044,3300,2550,0,0,0,0,1646.76652868584,1646.76652868584,794.632619516717,0,0,0,0,0,961.249707412179,0,0,0,794.632619516717,794.632619516717,0,0,0,0,35.jpeg,1,794.632619516717,0
121,893,1214,168,26,96.394257,07/03/2023,1061,1240,3508,2479,0,0,0,0,798.811617341661,798.811617341661,274,0,0,0,0,0,0,0,0,0,0,274,0,0,0,0,36.jpeg,1,274,1
122,1610,1304,156,35,96.563866,12/04/2023,1766,1339,3508,2479,0,0,0,0,1163.48184343375,1163.48184343375,983.992886153147,0,0,0,489.009202367399,0,0,1614.68417964629,0,0,0,983.992886153147,411.010948759276,0,0,0,36.jpeg,1,983.992886153147,0
123,1610,1304,156,35,96.563866,12/04/2023 ,1766,1339,3508,2479,0,0,0,0,1163.48184343375,1163.48184343375,983.992886153147,0,0,0,489.009202367399,0,0,1614.68417964629,0,0,0,983.992886153147,411.010948759276,0,0,0,36.jpeg,1,983.992886153147,0
92,1844,211,183,37,90.092072,1-feb-23 ,2027,248,3504,2479,0,0,0,0,435,435,489.437432160639,558,522.532295652623,0,0,0,0,0,0,0,489.437432160639,489.437432160639,0,0,0,0,38.jpeg,1,489.437432160639,1
91,1844,211,183,37,90.092072,1-feb-23,2027,248,3504,2479,0,0,0,0,435,435,489.437432160639,558,522.532295652623,0,0,0,0,0,0,0,489.437432160639,489.437432160639,0,0,0,0,38.jpeg,1,489.437432160639,1
31,1920,596,157,24,95.41626,20/10/2022,2077,620,3508,2479,0,0,0,0,600.281600584259,600.281600584259,0,0,0,0,0,0,0,0,0,0,0,0,0,0,0,0,39.jpeg,0,0,0
32,1440,635,155,23,90.498772,19/10/2023,1595,658,3508,2479,0,0,0,0,207.272767145132,207.272767145132,0,0,0,0,0,0,0,0,0,0,0,0,0,0,0,0,39.jpeg,0,0,0
33,1845,597,393,33,96.2942522,from 20/10/2022 to midnight of ,2238,630,3508,2479,0,0,0,0,759.568956711634,759.568956711634,0,0,0,0,0,0,0,0,0,0,0,0,0,0,0,0,39.jpeg,0,0,0
34,1440,635,155,23,90.498772,19/10/2023 ,1595,658,3508,2479,0,0,0,0,207.272767145132,207.272767145132,0,0,0,0,0,0,0,0,0,0,0,0,0,0,0,0,39.jpeg,0,0,0
30,1508,440,155,23,91.981766,11/10/2022,1663,463,3508,2479,0,0,0,0,0,0,0,0,0,0,0,0,0,0,0,0,0,0,0,0,0,0,39.jpeg,0,0,1
202,213,1361,284,32,84.065296,starter -09.01.23 ,497,1393,3508,2481,0,0,0,0,0,0,0,0,0,0,0,0,0,0,0,0,0,0,0,0,0,0,40.jpeg,0,0,0
199,352,1360,157,32,74.851349,-09.01.23,509,1392,3508,2481,0,0,0,0,0,0,0,0,0,0,0,0,0,0,0,0,0,0,0,0,0,0,40.jpeg,0,0,0
201,208,1285,277,36,77.286537,‘lunch -09.01.23 ,485,1321,3508,2481,0,0,0,0,0,0,0,0,0,0,0,0,0,0,0,0,0,0,0,0,0,0,40.jpeg,0,0,0
200,1962,559,198,33,71.703217,30-12-2022. ,2160,592,3508,2481,0,0,0,0,574.000871079478,574.000871079478,745.258344468547,0,0,0,0,0,0,0,0,0,745.258344468547,745.258344468547,0,0,0,0,40.jpeg,1,745.258344468547,1
197,1962,559,198,33,71.703217,30-12-2022.,2160,592,3508,2481,0,0,0,0,574.000871079478,574.000871079478,745.258344468547,0,0,0,0,0,0,0,0,0,745.258344468547,745.258344468547,0,0,0,0,40.jpeg,1,745.258344468547,1
198,340,1280,157,36,69.103378,-09.01.23,497,1316,3508,2481,0,0,0,0,0,0,0,0,0,0,0,0,0,0,0,0,0,0,0,0,0,0,40.jpeg,0,0,0
77,2138,915,198,38,90.179916,12/01/2023: ,2336,953,3507,2481,0,0,0,0,490.422267031178,490.422267031178,590.153369896335,0,0,0,584.030821104503,0,865.369863122122,2105.06650726289,0,0,590.153369896335,590.153369896335,0,0,0,0,41.jpeg,1,590.153369896335,0
76,2138,835,192,38,96.796761,10/01/2023 ,2330,873,3507,2481,0,0,0,0,477.026204730935,477.026204730935,578.021625893011,0,0,0,0,0,791.545955709458,2089.04403974641,0,0,578.021625893011,578.021625893011,0,0,0,0,41.jpeg,1,578.021625893011,1
75,2138,915,198,38,90.179916,12/01/2023:,2336,953,3507,2481,0,0,0,0,490.422267031178,490.422267031178,590.153369896335,0,0,0,584.030821104503,0,865.369863122122,2105.06650726289,0,0,590.153369896335,590.153369896335,0,0,0,0,41.jpeg,1,590.153369896335,0
74,2138,835,192,38,96.796761,10/01/2023,2330,873,3507,2481,0,0,0,0,477.026204730935,477.026204730935,578.021625893011,0,0,0,0,0,791.545955709458,2089.04403974641,0,0,578.021625893011,578.021625893011,0,0,0,0,41.jpeg,1,578.021625893011,1
234,1830,496,184,29,96.71347,15/04/2022 ,2014,525,3300,2550,0,0,0,0,134.238593556399,134.238593556399,768.969440225033,0,0,0,0,0,0,0,667.191876449346,0,0,768.969440225033,0,0,0,0,42.jpeg,1,768.969440225033,1
233,451,1337,189,35,80.014725,17/04/2022,640,1372,3300,2550,0,0,0,0,257.614052411743,257.614052411743,0,0,0,0,0,0,0,0,0,0,0,0,0,0,0,0,42.jpeg,0,0,0
232,225,1342,190,34,91.359802,15/04/2022,415,1376,3300,2550,0,0,0,0,67.2309452558864,67.2309452558864,0,0,0,0,0,0,0,0,0,0,0,0,0,0,0,0,42.jpeg,0,0,0
231,1830,496,184,29,96.71347,15/04/2022,2014,525,3300,2550,0,0,0,0,134.238593556399,134.238593556399,768.969440225033,0,0,0,0,0,0,0,667.191876449346,0,0,768.969440225033,0,0,0,0,42.jpeg,1,768.969440225033,1
243,716,504,194,35,14.155823,07/06/2022,910,539,3507,2481,0,0,0,0,540.008333269034,540.008333269034,621.028984830821,0,0,0,0,0,0,0,0,0,552,552,0,0,0,0,44.jpeg,1,552,1
244,732,597,178,33,26.736732,07/07/2022,910,630,3507,2481,0,0,0,0,444.040538689881,444.040538689881,628.530031104322,0,0,0,525.034284594825,592,0,0,0,0,559.450623379758,559.450623379758,0,466,0,0,44.jpeg,1,559.450623379758,0
246,716,606,184,33,26.736732,: 07/07/2022 ,900,639,3507,2481,0,0,0,0,434.259139224496,434.259139224496,620.126599977779,0,0,0,515.218400292536,582.069583469193,0,0,0,0,551.147893037794,551.147893037794,0,456.088807141767,0,0,44.jpeg,1,551.147893037794,0
245,716,504,194,35,14.155823,07/06/2022 ,910,539,3507,2481,0,0,0,0,540.008333269034,540.008333269034,621.028984830821,0,0,0,0,0,0,0,0,0,552,552,0,0,0,0,44.jpeg,1,552,1
242,2120,384,174,30,70.775055,16/06/2022 ,2294,414,3300,2550,0,0,0,0,374,374,456.2148616606,0,0,0,0,0,1088.56648855272,0,0,0,0,456.2148616606,0,0,0,0,45.jpeg,1,456.2148616606,1
241,2120,384,174,30,70.775055,16/06/2022,2294,414,3300,2550,0,0,0,0,374,374,456.2148616606,0,0,0,0,0,1088.56648855272,0,0,0,0,456.2148616606,0,0,0,0,45.jpeg,1,456.2148616606,1
296,1704,225,181,31,90.515984,14-feb-23 ,1885,256,3300,2550,0,0,0,0,95.8175349296777,95.8175349296777,548.820553550976,0,0,0,0,0,747.010709427917,0,0,0,582.092776110475,582.092776110475,0,0,0,0,46.jpeg,1,548.820553550976,1
295,1704,225,181,31,90.515984,14-feb-23,1885,256,3300,2550,0,0,0,0,95.8175349296777,95.8175349296777,548.820553550976,0,0,0,0,0,747.010709427917,0,0,0,582.092776110475,582.092776110475,0,0,0,0,46.jpeg,1,548.820553550976,1
104,1154,1680,182,38,87.993324,16/06/2021,1336,1718,2481,3508,0,0,0,0,232.002155162404,232.002155162404,442.692895809273,632.453160320984,0,0,0,0,671.214570759604,0,0,0,0,442.692895809273,0,0,0,339.001474923045,47.jpeg,1,442.692895809273,0
105,105,2350,190,59,96.91526,15/09/2022.,295,2409,2481,3508,0,0,0,0,0,0,0,0,0,0,0,0,998.123238883857,0,0,0,0,0,0,0,0,0,47.jpeg,0,0,0
106,3064,635,186,37,96.505745,14/06/2021 ,3250,672,2481,3508,0,0,0,0,202.121250738264,202.121250738264,1474.61791661433,0,0,0,0,0,1605.94956334251,0,0,0,0,1474.61791661433,0,0,0,0,47.jpeg,1,1474.61791661433,0
107,1154,1680,182,38,87.993324,16/06/2021 ,1336,1718,2481,3508,0,0,0,0,232.002155162404,232.002155162404,442.692895809273,632.453160320984,0,0,0,0,671.214570759604,0,0,0,0,442.692895809273,0,0,0,339.001474923045,47.jpeg,1,442.692895809273,0
108,105,2350,190,59,96.91526,15/09/2022. ,295,2409,2481,3508,0,0,0,0,0,0,0,0,0,0,0,0,998.123238883857,0,0,0,0,0,0,0,0,0,47.jpeg,0,0,0
102,1104,632,192,40,63.668777,14/06/2021,1296,672,2481,3508,0,0,0,0,202.039600078796,202.039600078796,0,0,0,0,0,0,0,0,0,0,0,0,0,0,0,0,47.jpeg,0,0,1
103,3064,635,186,37,96.505745,14/06/2021,3250,672,2481,3508,0,0,0,0,202.121250738264,202.121250738264,1474.61791661433,0,0,0,0,0,1605.94956334251,0,0,0,0,1474.61791661433,0,0,0,0,47.jpeg,1,1474.61791661433,0
229,380,1747,340,31,64.9920295,before’: 25-jan-2023 ,720,1778,3300,2550,0,0,0,0,0,0,1598.70197347723,0,0,0,0,0,621.720998519432,0,0,0,0,1598.70197347723,0,0,0,0,48.jpeg,1,1598.70197347723,0
228,1659,901,217,35,41.272106,:26-dec-2022 ,1876,936,3300,2550,0,0,0,0,342.667477301246,342.667477301246,433.890539191626,0,0,0,0,0,1883.32578169577,0,0,0,433.890539191626,433.890539191626,0,0,0,0,48.jpeg,1,433.890539191626,0
227,1659,858,217,28,73.003769,:26-dec-2022 ,1876,886,3300,2550,0,0,0,0,339,339,431,0,0,0,0,0,1865.42649278925,0,0,0,431,431,0,0,0,0,48.jpeg,1,431,1
226,2236,2688,156,26,25.734436,oate:2022.12.27,2392,2714,3300,2550,0,0,0,0,1082.807923872,1082.807923872,2058.73577712148,1578.03960660054,0,0,1000.24646962636,0,1109.12803589126,278.172608284856,933.944859186023,1360.07720369103,2058.73577712148,2058.73577712148,0,0,0,0,48.jpeg,1,2058.73577712148,0
225,556,1736,178,31,91.012421,25-jan-2023,734,1767,3300,2550,0,0,0,0,0,0,1591.87216823462,0,0,0,0,0,628.859284737055,0,0,0,0,1591.87216823462,0,0,0,0,48.jpeg,1,1591.87216823462,0
224,1659,901,217,35,41.272106,:26-dec-2022,1876,936,3300,2550,0,0,0,0,342.667477301246,342.667477301246,433.890539191626,0,0,0,0,0,1883.32578169577,0,0,0,433.890539191626,433.890539191626,0,0,0,0,48.jpeg,1,433.890539191626,0
223,1659,858,217,28,73.003769,:26-dec-2022,1876,886,3300,2550,0,0,0,0,339,339,431,0,0,0,0,0,1865.42649278925,0,0,0,431,431,0,0,0,0,48.jpeg,1,431,1
230,2071,2688,295,42,51.08604825,ar sing fy oate:2022.12.27 ,2366,2730,3300,2550,0,0,0,0,1065.03755802319,1065.03755802319,2061.20765572031,1555.42437938975,0,0,981.063198779773,0,1096.80490516773,290.833285577838,917.721635355733,1344.54825127252,2061.20765572031,2061.20765572031,0,0,0,0,48.jpeg,1,2061.20765572031,0
10,1808,616,167,32,89.672745,17-3-2023 ,1975,648,3300,2550,0,0,0,0,239.018827710287,239.018827710287,336.013392590236,0,0,0,0,0,791.959594928933,1796.96883668026,0,0,336.013392590236,336.013392590236,0,0,0,0,55.jpeg,1,336.013392590236,1
9,1808,808,168,32,96.356239,16-mar-23,1976,840,3300,2550,0,0,0,0,309.232921921325,309.232921921325,389.350741619944,0,0,310.061284264901,0,0,841.808172923024,1814.44481867044,0,0,389.350741619944,389.350741619944,0,0,0,0,55.jpeg,1,389.350741619944,0
8,1808,616,167,32,89.672745,17-3-2023,1975,648,3300,2550,0,0,0,0,239.018827710287,239.018827710287,336.013392590236,0,0,0,0,0,791.959594928933,1796.96883668026,0,0,336.013392590236,336.013392590236,0,0,0,0,55.jpeg,1,336.013392590236,1
11,1808,808,168,32,96.356239,16-mar-23 ,1976,840,3300,2550,0,0,0,0,309.232921921325,309.232921921325,389.350741619944,0,0,310.061284264901,0,0,841.808172923024,1814.44481867044,0,0,389.350741619944,389.350741619944,0,0,0,0,55.jpeg,1,389.350741619944,0
220,127,482,169,27,82.522568,04/11/2022 ,296,509,3300,2550,0,0,0,0,0,0,0,0,0,0,0,0,0,241.018671475884,0,0,0,0,0,0,0,0,56.jpeg,0,0,1
219,127,482,169,27,82.522568,04/11/2022,296,509,3300,2550,0,0,0,0,0,0,0,0,0,0,0,0,0,241.018671475884,0,0,0,0,0,0,0,0,56.jpeg,0,0,1
134,755,334,126,23,92.184265,16-feb-23,881,357,3300,2550,0,0,0,0,554,554,533.540064100157,0,0,0,0,0,0,0,0,0,0,533.540064100157,0,0,0,0,58.jpeg,1,533.540064100157,1
135,755,334,126,23,92.184265,16-feb-23 ,881,357,3300,2550,0,0,0,0,554,554,533.540064100157,0,0,0,0,0,0,0,0,0,0,533.540064100157,0,0,0,0,58.jpeg,1,533.540064100157,1
170,76,1328,166,44,96.623123,04/07/2022 ,242,1372,3300,2192,0,0,0,0,205.353354002315,205.353354002315,0,0,0,0,0,318.044022110148,0,0,0,0,0,0,0,0,0,0,60.jpeg,0,0,0
154,1643,608,130,29,93.832886,06/07/22,1773,637,3300,2192,0,0,0,0,0,0,725.424703191172,0,0,0,0,0,898.999443826302,420.205901910004,0,0,725.424703191172,725.424703191172,0,0,0,0,60.jpeg,1,725.424703191172,1
155,1646,842,130,27,86.893547,04/07/22,1776,869,3300,2192,0,0,0,0,407.710681733996,407.710681733996,815.78060776167,952.088756366758,0,0,0,0,973.684240398293,478.774477181063,0,0,815.78060776167,815.78060776167,0,0,0,0,60.jpeg,1,815.78060776167,0
156,1647,887,130,33,95.776649,06/07/22,1777,920,3300,2192,0,0,0,0,286.876279953572,286.876279953572,843.224762444747,955.146585608722,0,0,0,0,996.917749867059,505.890304315076,0,0,843.224762444747,843.224762444747,0,0,0,0,60.jpeg,1,843.224762444747,0
157,75,1239,166,25,96.376083,04/07/2022,241,1264,3300,2192,0,0,0,0,120.602653370479,120.602653370479,0,0,0,0,0,210.924156985396,0,0,0,0,0,0,0,0,0,0,60.jpeg,0,0,0
158,76,1281,165,44,94.281097,04/07/2022,241,1325,3300,2192,0,0,0,0,164.839315698652,164.839315698652,0,0,0,0,0,271.267395755553,0,0,0,0,0,0,0,0,0,0,60.jpeg,0,0,0
159,76,1328,166,44,96.623123,04/07/2022,242,1372,3300,2192,0,0,0,0,205.353354002315,205.353354002315,0,0,0,0,0,318.044022110148,0,0,0,0,0,0,0,0,0,0,60.jpeg,0,0,0
160,917,1397,112,26,96.347794,04/07/22,1029,1423,3300,2192,0,0,0,0,913.936540466569,913.936540466569,0,602.921222051439,0,0,0,901.120413707291,969.86803226006,0,0,0,0,0,0,0,0,0,60.jpeg,0,0,0
169,76,1281,165,44,94.281097,04/07/2022 ,241,1325,3300,2192,0,0,0,0,164.839315698652,164.839315698652,0,0,0,0,0,271.267395755553,0,0,0,0,0,0,0,0,0,0,60.jpeg,0,0,0
161,78,1450,165,28,96.837326,05/07/2022,243,1478,3300,2192,0,0,0,0,303.270506314083,303.270506314083,0,0,0,0,0,423.61893253253,0,0,0,0,0,0,0,0,0,0,60.jpeg,0,0,0
163,80,1544,164,28,95.961876,05/07/2022,244,1572,3300,2192,0,0,0,0,393.652130694094,393.652130694094,0,0,0,0,0,517.397332811061,0,0,0,0,0,0,0,0,0,0,60.jpeg,0,0,0
165,1643,608,130,29,93.832886,06/07/22 ,1773,637,3300,2192,0,0,0,0,0,0,725.424703191172,0,0,0,0,0,898.999443826302,420.205901910004,0,0,725.424703191172,725.424703191172,0,0,0,0,60.jpeg,1,725.424703191172,1
166,1646,842,130,27,86.893547,04/07/22 ,1776,869,3300,2192,0,0,0,0,407.710681733996,407.710681733996,815.78060776167,952.088756366758,0,0,0,0,973.684240398293,478.774477181063,0,0,815.78060776167,815.78060776167,0,0,0,0,60.jpeg,1,815.78060776167,0
167,1647,887,130,33,95.776649,06/07/22 ,1777,920,3300,2192,0,0,0,0,286.876279953572,286.876279953572,843.224762444747,955.146585608722,0,0,0,0,996.917749867059,505.890304315076,0,0,843.224762444747,843.224762444747,0,0,0,0,60.jpeg,1,843.224762444747,0
168,75,1239,166,25,96.376083,04/07/2022 ,241,1264,3300,2192,0,0,0,0,120.602653370479,120.602653370479,0,0,0,0,0,210.924156985396,0,0,0,0,0,0,0,0,0,0,60.jpeg,0,0,0
175,919,1611,112,24,70.421967,05/07/22 ,1031,1635,3300,2192,0,0,0,0,991.025731250203,991.025731250203,0,806.033498063201,0,0,0,1007.90178092907,1180.33215664066,0,0,0,0,0,0,0,0,0,60.jpeg,0,0,0
174,80,1544,164,28,95.961876,05/07/2022 ,244,1572,3300,2192,0,0,0,0,393.652130694094,393.652130694094,0,0,0,0,0,517.397332811061,0,0,0,0,0,0,0,0,0,0,60.jpeg,0,0,0
173,79,1494,165,43,95.025589,05/07/2022 ,244,1537,3300,2192,0,0,0,0,359.884703759412,359.884703759412,0,0,0,0,0,482.498704661474,0,0,0,0,0,0,0,0,0,0,60.jpeg,0,0,0
172,78,1450,165,28,96.837326,05/07/2022 ,243,1478,3300,2192,0,0,0,0,303.270506314083,303.270506314083,0,0,0,0,0,423.61893253253,0,0,0,0,0,0,0,0,0,0,60.jpeg,0,0,0
171,917,1397,112,26,96.347794,04/07/22 ,1029,1423,3300,2192,0,0,0,0,913.936540466569,913.936540466569,0,602.921222051439,0,0,0,901.120413707291,969.86803226006,0,0,0,0,0,0,0,0,0,60.jpeg,0,0,0
162,79,1494,165,43,95.025589,05/07/2022,244,1537,3300,2192,0,0,0,0,359.884703759412,359.884703759412,0,0,0,0,0,482.498704661474,0,0,0,0,0,0,0,0,0,0,60.jpeg,0,0,0
164,919,1611,112,24,70.421967,05/07/22,1031,1635,3300,2192,0,0,0,0,991.025731250203,991.025731250203,0,806.033498063201,0,0,0,1007.90178092907,1180.33215664066,0,0,0,0,0,0,0,0,0,60.jpeg,0,0,0
192,1889,293,145,31,86.335114,1-mar-23,2034,324,3300,2550,0,0,0,0,402.00124377917,402.00124377917,502.757396763091,0,0,0,0,0,0,0,0,0,537.21969435232,537.21969435232,0,0,0,0,61.jpeg,1,502.757396763091,1
193,1889,293,145,31,86.335114,1-mar-23 ,2034,324,3300,2550,0,0,0,0,402.00124377917,402.00124377917,502.757396763091,0,0,0,0,0,0,0,0,0,537.21969435232,537.21969435232,0,0,0,0,61.jpeg,1,502.757396763091,1
298,1696,208,194,42,96.214699,28-sep-22 ,1890,250,3508,2479,0,0,0,0,118.713941893949,118.713941893949,606.690201008719,0,0,0,0,0,791.133364231341,0,0,0,606.690201008719,606.690201008719,0,0,0,0,62.jpeg,1,606.690201008719,1
297,1696,208,194,42,96.214699,28-sep-22,1890,250,3508,2479,0,0,0,0,118.713941893949,118.713941893949,606.690201008719,0,0,0,0,0,791.133364231341,0,0,0,606.690201008719,606.690201008719,0,0,0,0,62.jpeg,1,606.690201008719,1
35,1919,600,195,37,71.526428,19/10/2022,2114,637,3000,2550,0,0,0,0,506.024702954312,506.024702954312,608.020558862938,0,0,0,0,0,789.943035920945,0,0,0,608.020558862938,608.020558862938,0,0,0,0,64.jpeg,1,608.020558862938,1
36,1919,667,195,37,56.444683,18/11/2022,2114,704,3000,2550,0,0,0,0,511.096859704694,511.096859704694,612.248315636719,0,0,0,674.074179894172,0,818.477244643979,0,0,0,612.248315636719,612.248315636719,0,0,0,0,64.jpeg,1,612.248315636719,0
37,1921,988,196,32,69.723801,01/09/2022,2117,1020,3000,2550,0,0,0,0,640.019530951986,640.019530951986,723.785189127271,0,0,0,751.402022887881,0,1005.86480204847,0,0,0,723.785189127271,723.785189127271,0,0,0,0,64.jpeg,1,723.785189127271,0
38,1920,1056,197,32,82.161835,30/09/2022,2117,1088,3000,2550,0,0,0,0,683.38642070208,683.38642070208,762.402124865874,0,0,0,783.303900156255,0,1053.80263806844,0,0,0,762.402124865874,762.402124865874,0,0,0,0,64.jpeg,1,762.402124865874,0
39,1919,600,195,37,71.526428,19/10/2022 ,2114,637,3000,2550,0,0,0,0,506.024702954312,506.024702954312,608.020558862938,0,0,0,0,0,789.943035920945,0,0,0,608.020558862938,608.020558862938,0,0,0,0,64.jpeg,1,608.020558862938,1
40,1898,663,204,51,54.074068,= 18/11/2022 ,2102,714,3000,2550,0,0,0,0,500.759423276287,500.759423276287,601.614494506241,0,0,0,662.302045897489,0,812.539845176838,0,0,0,601.614494506241,601.614494506241,0,0,0,0,64.jpeg,1,601.614494506241,0
41,1921,988,196,32,69.723801,01/09/2022 ,2117,1020,3000,2550,0,0,0,0,640.019530951986,640.019530951986,723.785189127271,0,0,0,751.402022887881,0,1005.86480204847,0,0,0,723.785189127271,723.785189127271,0,0,0,0,64.jpeg,1,723.785189127271,0
42,1920,1056,197,32,82.161835,30/09/2022 ,2117,1088,3000,2550,0,0,0,0,683.38642070208,683.38642070208,762.402124865874,0,0,0,783.303900156255,0,1053.80263806844,0,0,0,762.402124865874,762.402124865874,0,0,0,0,64.jpeg,1,762.402124865874,0
235,489,743,237,42,83.107628,21..12.2022,726,785,3504,2479,0,0,0,0,417,0,305.792413247942,0,0,0,0,0,462.904957847721,0,0,247,305.792413247942,305.792413247942,0,0,0,0,65.jpeg,1,305.792413247942,0
238,1513,745,229,40,72.738693,31.12.2022 ,1742,785,3504,2479,0,0,0,0,399,399,1150.16042359316,0,0,0,0,0,1406.43414349908,0,0,1263,1150.16042359316,1150.16042359316,0,0,0,0,65.jpeg,1,1150.16042359316,1
237,246,753,449,42,89.964678,ate of issue: 21..12.2022 ,695,795,3504,2479,0,0,0,0,386.129511951625,0,307.174217668085,0,0,0,0,0,445.917032641724,0,0,216.231357577942,307.174217668085,307.174217668085,0,0,0,0,65.jpeg,1,307.174217668085,0
236,1513,745,229,40,72.738693,31.12.2022,1742,785,3504,2479,0,0,0,0,399,399,1150.16042359316,0,0,0,0,0,1406.43414349908,0,0,1263,1150.16042359316,1150.16042359316,0,0,0,0,65.jpeg,1,1150.16042359316,1
149,217,513,429,26,95.39291025,: 01-mar-2023 to 31-mar-2023 ,646,539,3508,2479,0,0,0,0,387.160173571611,387.160173571611,0,0,0,0,0,0,0,551.609463298084,0,466.275669534665,0,0,0,0,0,0,67.jpeg,0,0,0
148,286,457,199,35,93.8829305,: 01-apr-2023 ,485,492,3508,2479,0,0,0,0,221.578428552962,221.578428552962,0,0,0,0,0,0,0,387.330608137286,0,301.424949199631,0,0,0,0,0,0,67.jpeg,0,0,1
147,483,506,198,26,95.984993,31-mar-2023,681,532,3508,2479,0,0,0,0,420.743389728229,420.743389728229,0,0,0,0,0,0,0,585.683361552981,0,500.144978981095,0,0,0,0,0,0,67.jpeg,0,0,0
145,304,449,194,35,96.59552,01-apr-2023,498,484,3508,2479,0,0,0,0,234.136712200372,234.136712200372,0,0,0,0,0,0,0,400.0799920016,0,314.101894295466,0,0,0,0,0,0,67.jpeg,0,0,1
146,236,506,197,26,96.497025,01-mar-2023,433,532,3508,2479,0,0,0,0,178.036513108969,178.036513108969,0,0,0,0,0,0,0,339.648347559649,0,255.219513360558,0,0,0,0,0,0,67.jpeg,0,0,0
280,992,1488,158,31,96.671005,28-01-2023,1150,1519,3500,2479,0,0,0,0,713.258718839104,713.258718839104,0,0,0,0,0,0,0,0,0,0,0,0,0,0,0,0,69.jpeg,0,0,0
282,795,1228,159,30,95.8064196666667,"feb 01, 2022 ",954,1258,3500,2479,0,0,0,0,467.004282635609,467.004282635609,0,0,0,0,0,0,0,0,0,0,0,0,0,0,0,0,69.jpeg,0,0,0
281,795,1057,353,34,96.4864162857143,"mar 28, 2023 to mar 27, 2024 ",1148,1091,3500,2479,0,0,0,0,1235.17852960615,1235.17852960615,0,0,0,0,0,0,0,0,0,0,0,0,0,0,0,0,69.jpeg,0,0,0
283,793,1488,341,32,96.6808573333333,29-01-2022 to 28-01-2023 ,1134,1520,3500,2479,0,0,0,0,698.78823687867,698.78823687867,0,0,0,0,0,0,0,0,0,0,0,0,0,0,0,0,69.jpeg,0,0,0
279,793,1488,158,32,96.67981,29-01-2022,951,1520,3500,2479,0,0,0,0,533.846419862492,533.846419862492,0,0,0,0,0,0,0,0,0,0,0,0,0,0,0,0,69.jpeg,0,0,0
284,793,1791,183,29,66.98865525,"jan 29, 2022 to ",976,1820,3500,2479,0,0,0,0,746.469691280229,746.469691280229,0,0,0,0,0,0,0,0,0,0,0,0,0,0,0,0,69.jpeg,0,0,0
285,177,3395,164,29,52.8684385,"mar 28,2023 ",341,3424,3500,2479,0,0,0,0,3108.01866146264,3108.01866146264,0,573.733387559065,0,0,0,0,0,0,0,1361.00918439223,0,0,0,0,0,0,69.jpeg,0,0,0
276,2074,221,169,27,95.683289,04/11/2022 ,2243,248,3300,2550,0,0,0,0,0,0,542.402986717441,0,0,0,0,0,1096.73378720636,0,0,0,0,542.402986717441,0,0,0,0,70.jpeg,1,542.402986717441,1
275,2074,221,169,27,95.683289,04/11/2022,2243,248,3300,2550,0,0,0,0,0,0,542.402986717441,0,0,0,0,0,1096.73378720636,0,0,0,0,542.402986717441,0,0,0,0,70.jpeg,1,542.402986717441,1
99,1938,496,245,40,88.617477,10-oct-2022 ,2183,536,3300,2550,0,0,0,0,306.014705528999,306.014705528999,208.693555243088,0,0,0,0,0,0,0,0,0,208.693555243088,208.693555243088,0,0,0,0,71.jpeg,1,208.693555243088,1
98,1938,496,245,40,88.617477,10-oct-2022,2183,536,3300,2550,0,0,0,0,306.014705528999,306.014705528999,208.693555243088,0,0,0,0,0,0,0,0,0,208.693555243088,208.693555243088,0,0,0,0,71.jpeg,1,208.693555243088,1
267,1657,916,167,21,96.856018,26-jan-2023.,1824,937,3484,2480,0,0,0,0,0,0,0,0,0,0,0,0,0,0,0,0,0,0,0,0,0,0,72.jpeg,0,0,1
268,1657,916,167,21,96.856018,26-jan-2023. ,1824,937,3484,2480,0,0,0,0,0,0,0,0,0,0,0,0,0,0,0,0,0,0,0,0,0,0,72.jpeg,0,0,1
269,639,2264,306,24,87.766376,ist dec 2022 to 31st dec 2022 ,945,2288,3484,2480,0,0,0,0,0,0,837.382827624259,0,497.266528131544,0,0,0,954.172416285443,0,0,0,837.382827624259,837.382827624259,0,0,0,0,72.jpeg,1,837.382827624259,0
265,1569,2084,168,25,69.910904,02-12-2022,1737,2109,3507,2481,0,0,0,0,2066.1635946846,2066.1635946846,2200.53266278872,1597.40570926737,0,1669.68410185879,2127.64306216997,1517.67091294523,0,2049.03977511419,0,0,2115.05579122632,2115.05579122632,2075.70831284167,0,0,0,73.jpeg,1,2115.05579122632,0
264,649,678,189,26,51.919979,:.01-01-2023,838,704,3507,2481,0,0,0,0,578.606947763333,578.606947763333,669.664094901317,0,0,0,697.002869434553,0,0,0,0,0,591.395806545836,591.395806545836,628.000796177839,0,0,0,73.jpeg,1,591.395806545836,0
266,649,678,189,26,51.919979,:.01-01-2023 ,838,704,3507,2481,0,0,0,0,578.606947763333,578.606947763333,669.664094901317,0,0,0,697.002869434553,0,0,0,0,0,591.395806545836,591.395806545836,628.000796177839,0,0,0,73.jpeg,1,591.395806545836,0
263,667,568,172,32,70.8862,02-12-2022,839,600,3507,2481,0,0,0,0,570.000877192308,570.000877192308,654.150594282387,0,0,0,0,0,0,0,0,0,583.000857632302,583.000857632302,0,0,0,0,73.jpeg,1,583.000857632302,1
240,1936,224,208,33,72.691994,04/11/2022: ,2144,257,3300,2550,0,0,0,0,0,0,714.756601928237,0,0,0,0,0,0,350.188520657088,0,0,714.756601928237,714.756601928237,0,0,0,0,74.jpeg,1,714.756601928237,1
239,1936,224,208,33,72.691994,04/11/2022:,2144,257,3300,2550,0,0,0,0,0,0,714.756601928237,0,0,0,0,0,0,350.188520657088,0,0,714.756601928237,714.756601928237,0,0,0,0,74.jpeg,1,714.756601928237,1
100,577,482,175,31,84.334061,04/11/2022:,752,513,3300,2550,0,0,0,0,0,0,258.822332884935,0,0,0,0,0,431.236593994526,685.01167873256,0,0,0,258.822332884935,0,0,0,0,76.jpeg,1,258.822332884935,1
101,577,482,175,31,84.334061,04/11/2022: ,752,513,3300,2550,0,0,0,0,0,0,258.822332884935,0,0,0,0,0,431.236593994526,685.01167873256,0,0,0,258.822332884935,0,0,0,0,76.jpeg,1,258.822332884935,1
261,417,1730,132,28,96.506699,10/17/22,549,1758,3508,2479,0,0,0,0,0,0,0,0,0,0,0,153.847326918605,0,0,0,0,0,0,0,0,0,0,77.jpeg,0,0,0
262,417,1730,265,28,96.317874,10/17/22 10:42 am ,682,1758,3508,2479,0,0,0,0,0,0,0,0,0,0,0,244.904062849108,0,0,0,0,0,0,0,0,0,0,77.jpeg,0,0,0
23,433,2538,135,34,70.567932,19-dec-22: ,568,2572,3507,2480,0,0,0,0,183,183,1845.42163203968,0,1475.66120773028,0,0,0,0,0,0,0,1789.40688497614,1789.40688497614,0,0,192.002604149006,0,79.jpeg,1,1789.40688497614,0
22,433,2538,135,34,70.567932,19-dec-22:,568,2572,3507,2480,0,0,0,0,183,183,1845.42163203968,0,1475.66120773028,0,0,0,0,0,0,0,1789.40688497614,1789.40688497614,0,0,192.002604149006,0,79.jpeg,1,1789.40688497614,0
96,375,730,150,23,62.391083,02-01-2023,525,753,3507,2480,0,0,0,0,0,0,0,0,0,0,0,0,0,0,0,0,0,0,0,0,0,0,80.jpeg,0,0,1
97,375,730,150,23,62.391083,02-01-2023 ,525,753,3507,2480,0,0,0,0,0,0,0,0,0,0,0,0,0,0,0,0,0,0,0,0,0,0,80.jpeg,0,0,1
90,145,437,757,38,32.945077,"‘ack no; 152212669534107;ack dt!'17/08/2022, ",902,475,3507,2550,0,0,0,0,0,0,0,0,0,0,0,0,0,0,0,0,0,0,0,0,0,0,81.jpeg,0,0,0
89,680,432,243,37,55.99184,"dt!'17/08/2022,",923,469,3507,2550,0,0,0,0,0,0,0,0,0,0,0,0,0,0,0,0,0,0,0,0,0,0,81.jpeg,0,0,1
28,2022,552,225,40,94.474335,19/06/2023 ,2247,592,3508,2475,0,0,0,0,839.881539266104,839.881539266104,920.469988647104,790.010126517376,0,0,157.784663386528,0,0,0,0,0,846.537063571348,846.537063571348,0,0,0,0,82.jpeg,1,846.537063571348,0
27,1575,140,185,29,53.678623,09/06/2023 ,1760,169,3508,2475,0,0,0,0,238.002100831064,238.002100831064,330.001515148037,0,0,0,0,0,0,0,0,0,0,330.001515148037,0,0,0,0,82.jpeg,1,330.001515148037,1
26,2082,3032,190,32,78.7258,09/06/2023,2272,3064,3508,2475,0,0,0,0,2552.10364209607,2552.10364209607,481.964728999955,2838.70833302754,0,0,2227.39758462651,2740.66725452033,2102.06802934634,1857.60275624257,0,0,2990.19464249403,481.964728999955,0,0,0,0,82.jpeg,1,481.964728999955,1
24,1575,140,185,29,53.678623,09/06/2023,1760,169,3508,2475,0,0,0,0,238.002100831064,238.002100831064,330.001515148037,0,0,0,0,0,0,0,0,0,0,330.001515148037,0,0,0,0,82.jpeg,1,330.001515148037,1
29,2082,3032,190,32,78.7258,09/06/2023 ,2272,3064,3508,2475,0,0,0,0,2552.10364209607,2552.10364209607,481.964728999955,2838.70833302754,0,0,2227.39758462651,2740.66725452033,2102.06802934634,1857.60275624257,0,0,2990.19464249403,481.964728999955,0,0,0,0,82.jpeg,1,481.964728999955,1
25,2022,552,225,40,94.474335,19/06/2023,2247,592,3508,2475,0,0,0,0,839.881539266104,839.881539266104,920.469988647104,790.010126517376,0,0,157.784663386528,0,0,0,0,0,846.537063571348,846.537063571348,0,0,0,0,82.jpeg,1,846.537063571348,0
119,1834,743,188,32,96.690132,12.01.2023,2022,775,3508,2479,0,0,0,0,204.002450965669,204.002450965669,310,0,0,0,0,0,454.00110132025,0,0,0,227.002202632485,310,0,0,0,0,83.jpeg,1,227.002202632485,1
120,1834,743,188,32,96.690132,12.01.2023 ,2022,775,3508,2479,0,0,0,0,204.002450965669,204.002450965669,310,0,0,0,0,0,454.00110132025,0,0,0,227.002202632485,310,0,0,0,0,83.jpeg,1,227.002202632485,1
130,1361,2312,143,21,70.547195,13-nov-2022 ,1504,2333,3484,2480,0,0,0,0,161.771443709945,161.771443709945,1267.56459401484,0,1057.73531660808,1126.32366573734,0,0,1422.24646246704,0,0,0,1267.56459401484,1267.56459401484,0,0,0,0,84.jpeg,1,1267.56459401484,0
131,1361,2360,143,24,25.20031,12-dec-2022 ,1504,2384,3484,2480,0,0,0,0,211.624667749296,211.624667749296,1297.84166985037,0,1064.24856119236,1176.44294379286,0,0,1449.29569101685,0,0,0,1297.84166985037,1297.84166985037,0,0,0,0,84.jpeg,1,1297.84166985037,0
129,1657,916,167,28,94.621613,15-dec-2022 ,1824,944,3484,2480,0,0,0,0,547,547,0,0,0,0,0,0,0,0,0,0,0,0,0,0,0,0,84.jpeg,0,0,1
133,1996,3339,161,16,85.1703823333333,ate: 2022.12.15 15:: ,2157,3355,3484,2480,0,0,0,0,1367.0790028378,1367.0790028378,2435.11580833438,0,2046.57005743757,2297.46381908399,0,1142.53840198043,528.553686960937,0,0,0,2435.11580833438,2435.11580833438,0,0,0,0,84.jpeg,1,2435.11580833438,0
132,202,3027,130,20,91.278618,02/03/2022. ,332,3047,3484,2480,0,0,0,0,0,0,0,0,0,0,0,0,1450.69810780879,0,0,0,0,0,0,0,0,0,84.jpeg,0,0,0
124,1657,916,167,28,94.621613,15-dec-2022,1824,944,3484,2480,0,0,0,0,547,547,0,0,0,0,0,0,0,0,0,0,0,0,0,0,0,0,84.jpeg,0,0,1
128,2035,3337,102,16,88.202019,2022.12.15,2137,3353,3484,2480,0,0,0,0,1355.327635666,1355.327635666,2419.86797160506,0,2028.82355073082,2288.14160400968,0,1123.05387226081,513.638978271704,0,0,0,2419.86797160506,2419.86797160506,0,0,0,0,84.jpeg,1,2419.86797160506,0
127,202,3027,130,20,91.278618,02/03/2022.,332,3047,3484,2480,0,0,0,0,0,0,0,0,0,0,0,0,1450.69810780879,0,0,0,0,0,0,0,0,0,84.jpeg,0,0,0
125,1361,2312,143,21,70.547195,13-nov-2022,1504,2333,3484,2480,0,0,0,0,161.771443709945,161.771443709945,1267.56459401484,0,1057.73531660808,1126.32366573734,0,0,1422.24646246704,0,0,0,1267.56459401484,1267.56459401484,0,0,0,0,84.jpeg,1,1267.56459401484,0
126,1361,2360,143,24,25.20031,12-dec-2022,1504,2384,3484,2480,0,0,0,0,211.624667749296,211.624667749296,1297.84166985037,0,1064.24856119236,1176.44294379286,0,0,1449.29569101685,0,0,0,1297.84166985037,1297.84166985037,0,0,0,0,84.jpeg,1,1297.84166985037,0
86,546,843,189,29,96.0942,28/12/2022,735,872,3508,2479,0,0,0,0,588.21764679411,588.21764679411,449.027838780626,0,0,0,0,0,771.59639708853,0,0,0,449.027838780626,449.027838780626,0,0,0,0,85.jpeg,1,449.027838780626,0
84,313,401,195,29,88.373756,27/12/2022,508,430,3508,2479,0,0,0,0,119.21828718783,119.21828718783,0,0,0,0,0,0,282.024821602638,0,0,0,0,0,0,0,0,0,85.jpeg,0,0,1
85,313,843,195,29,54.67104,(27/12/2022,508,872,3508,2479,0,0,0,0,493.121688835525,493.121688835525,342.649967167662,0,0,0,0,0,720.950761148083,0,0,0,342.649967167662,342.649967167662,0,0,0,0,85.jpeg,1,342.649967167662,0
87,313,401,195,29,88.373756,27/12/2022 ,508,430,3508,2479,0,0,0,0,119.21828718783,119.21828718783,0,0,0,0,0,0,282.024821602638,0,0,0,0,0,0,0,0,0,85.jpeg,0,0,1
293,869,592,365,31,85.75490775,invoice date : 24-dec-22 ,1234,623,3508,2479,0,0,0,0,165,165,250,0,0,0,0,0,0,0,0,0,355.016901006135,355.016901006135,0,0,0,0,86.jpeg,1,250,1
294,2006,1630,171,26,82.106323,27-dec-22 ,2177,1656,3508,2479,0,0,0,0,1514.84421641303,1514.84421641303,1107.792850672,0,0,1620.38575654071,68.4105255059483,114.057003292214,1869.80774412772,0,0,0,1745.85022267089,1745.85022267089,0,0,0,0,86.jpeg,1,1107.792850672,0
292,2006,1630,171,26,82.106323,27-dec-22,2177,1656,3508,2479,0,0,0,0,1514.84421641303,1514.84421641303,1107.792850672,0,0,1620.38575654071,68.4105255059483,114.057003292214,1869.80774412772,0,0,0,1745.85022267089,1745.85022267089,0,0,0,0,86.jpeg,1,1107.792850672,0
291,1098,592,172,31,76.524971,24-dec-22,1270,623,3508,2479,0,0,0,0,201,201,286,0,0,0,0,0,0,0,0,0,385.35827485601,385.35827485601,0,0,0,0,86.jpeg,1,286,1
221,2059,688,189,31,96.712799,26/03/2023,2248,719,3300,2550,0,0,0,0,202,202,294,0,0,0,0,0,586.706911498407,0,0,0,294,294,0,0,0,0,87.jpeg,1,294,1
222,1969,689,266,31,96.5427855,date 26/03/2023 ,2235,720,3300,2550,0,0,0,0,189.002645484131,189.002645484131,281.001779353797,0,0,0,0,0,576.805859887016,0,0,0,281.001779353797,281.001779353797,0,0,0,0,87.jpeg,1,281.001779353797,1
195,1926,767,156,27,96.293223,"sep 06, 2022 ",2082,794,3300,2384,0,0,0,0,324.038577950219,324.038577950219,332.543230272396,0,0,0,0,0,1805.22353186524,0,0,0,0,332.543230272396,0,0,0,0,88.jpeg,1,332.543230272396,1
194,878,2296,115,22,84.840935,2022-09-09,993,2318,3300,2384,0,0,0,0,1326.98530511833,1326.98530511833,1889.0476436554,0,0,0,0,0,1929.51418756121,0,0,0,0,1889.0476436554,0,0,0,0,88.jpeg,1,1889.0476436554,0
196,868,2307,120,22,69.4386825,: 2022-09-09 ,988,2329,3300,2384,0,0,0,0,1334.25334925568,1334.25334925568,1898.04346630945,0,0,0,0,0,1937.99406603839,0,0,0,0,1898.04346630945,0,0,0,0,88.jpeg,1,1898.04346630945,0
218,556,752,218,37,90.401588,05dec2022 ,774,789,3300,2550,0,0,0,0,477,477,428.291956496967,0,0,0,0,0,0,0,0,0,428.291956496967,428.291956496967,0,0,0,0,89.jpeg,1,428.291956496967,1
217,556,752,218,37,90.401588,05dec2022,774,789,3300,2550,0,0,0,0,477,477,428.291956496967,0,0,0,0,0,0,0,0,0,428.291956496967,428.291956496967,0,0,0,0,89.jpeg,1,428.291956496967,1
216,1695,2952,126,42,89.382553,2022.12.16,1821,2994,3300,2550,0,0,0,0,0,0,1152.02777744289,0,2523.06420845764,2622.19030583213,0,0,1581.26341891539,2998.01967972193,0,0,0,1152.02777744289,0,0,0,0,90.jpeg,1,1152.02777744289,0
59,2118,257,149,28,57.146015,4/11/2023,2267,285,3300,2550,0,0,0,0,0,0,0,0,0,0,0,0,0,0,0,0,0,0,0,0,0,0,91.jpeg,0,0,1
60,1688,1537,135,38,82.486206,"3,000:00",1823,1575,3300,2550,0,0,0,0,0,0,1708.96138048816,0,0,0,0,0,0,0,0,0,0,1670.77526914903,0,0,0,0,91.jpeg,1,1670.77526914903,0
61,2118,257,149,28,57.146015,4/11/2023 ,2267,285,3300,2550,0,0,0,0,0,0,0,0,0,0,0,0,0,0,0,0,0,0,0,0,0,0,91.jpeg,0,0,1
62,1688,1537,135,38,82.486206,"3,000:00 ",1823,1575,3300,2550,0,0,0,0,0,0,1708.96138048816,0,0,0,0,0,0,0,0,0,0,1670.77526914903,0,0,0,0,91.jpeg,1,1670.77526914903,0
277,1632,248,171,32,86.942711,9-dec-22,1803,280,3300,2550,0,0,0,0,0,0,0,0,0,479.435084239775,0,0,0,0,0,0,0,0,0,0,0,0,92.jpeg,0,0,1
278,1632,248,171,32,86.942711,9-dec-22 ,1803,280,3300,2550,0,0,0,0,0,0,0,0,0,479.435084239775,0,0,0,0,0,0,0,0,0,0,0,0,92.jpeg,0,0,1
290,2069,1720,231,40,95.63443,02.04.2023 ,2300,1760,3508,2480,0,0,0,0,276.001811588258,276.001811588258,390.04615111548,368.001358693144,354.798534382542,1996.15856083629,0,0,1878.6617577414,0,0,0,287.062710918712,485.988682995808,0,0,0,0,93.jpeg,1,287.062710918712,1
289,451,1658,231,38,96.291451,02.04.2023 ,682,1696,3508,2480,0,0,0,0,250.031997952262,250.031997952262,0,1052.81004934414,0,377.021219561976,0,0,0,0,0,0,0,0,0,0,0,0,93.jpeg,0,0,0
286,451,1658,231,38,96.291451,02.04.2023,682,1696,3508,2480,0,0,0,0,250.031997952262,250.031997952262,0,1052.81004934414,0,377.021219561976,0,0,0,0,0,0,0,0,0,0,0,0,93.jpeg,0,0,0
287,2069,1720,231,40,95.63443,02.04.2023,2300,1760,3508,2480,0,0,0,0,276.001811588258,276.001811588258,390.04615111548,368.001358693144,354.798534382542,1996.15856083629,0,0,1878.6617577414,0,0,0,287.062710918712,485.988682995808,0,0,0,0,93.jpeg,1,287.062710918712,1
288,1312,2740,156,50,96.445656,"02/04/2023,",1468,2790,3508,2480,0,0,0,0,288.501299823762,288.501299823762,0,1180.22413125643,0,1599.42896059813,0,0,1049.84617920913,0,0,0,0,0,0,0,0,0,93.jpeg,0,0,0
272,1747,245,219,26,96.003922,24-jan-2023 ,1966,271,3504,2479,0,0,0,0,135.358782500435,135.358782500435,536.730845023835,0,0,0,0,0,847.55943744377,0,0,0,679.002945501711,679.002945501711,0,0,0,0,95.jpeg,1,536.730845023835,1
271,1747,245,219,26,96.003922,24-jan-2023,1966,271,3504,2479,0,0,0,0,135.358782500435,135.358782500435,536.730845023835,0,0,0,0,0,847.55943744377,0,0,0,679.002945501711,679.002945501711,0,0,0,0,95.jpeg,1,536.730845023835,1
150,2133,1209,185,30,95.900703,01-feb-2023,2318,1239,3300,2550,0,0,0,0,0,0,1553.20893636368,0,0,0,0,0,1678.87849471008,0,0,0,0,1553.20893636368,0,0,0,0,97.jpeg,1,1553.20893636368,1
151,2133,1209,185,30,95.900703,01-feb-2023 ,2318,1239,3300,2550,0,0,0,0,0,0,1553.20893636368,0,0,0,0,0,1678.87849471008,0,0,0,0,1553.20893636368,0,0,0,0,97.jpeg,1,1553.20893636368,1
270,2098,536,159,28,96.263855,21-08-2022,2257,564,3508,2479,0,0,0,0,173,173,0,0,0,0,0,0,0,1235.86487934563,892.261172527416,0,0,0,0,0,0,0,98.jpeg,0,0,1
88,742,508,98,25,57.750854,07-feb-2023,840,533,1566,1134,0,0,0,0,0,0,0,0,0,0,0,0,0,0,0,0,0,0,0,0,0,0,100.jpeg,0,0,0
143,1669,449,243,49,96.855301,01/10/2022,1912,498,3507,2480,0,0,0,0,344.013081146633,344.013081146633,379.309899686259,0,0,0,0,0,453.224006425079,0,0,0,379.309899686259,379.309899686259,0,0,0,0,107.jpeg,1,379.309899686259,1
144,1669,449,243,49,96.855301,01/10/2022 ,1912,498,3507,2480,0,0,0,0,344.013081146633,344.013081146633,379.309899686259,0,0,0,0,0,453.224006425079,0,0,0,379.309899686259,379.309899686259,0,0,0,0,107.jpeg,1,379.309899686259,1
