,text,x,y,PageWidth,PageHeight,isTop,isBottom,isRight,isLeft,seller,buyer,receiver,to,from,by,customer,purchaser,supplier,consignee,client,owner,for,store,recipient,seller x,buyer x,receiver x,to x,from x,by x,customer x,purchaser x,supplier x,consignee x,client x,owner x,for x,store x,recipient x,seller y,buyer y,receiver y,to y,from y,by y,customer y,purchaser y,supplier y,consignee y,client y,owner y,for y,store y,recipient y,NX,NY,imageName,output
154,private ,0.19887051230334812,0.2899543378995434,2479,3504,0,0,0,0,0,0,0,-1,0,0,0,0,0,-1,0,0,0,0,0,0.0,0.0,0.0,0.17244856797095603,0.0,0.0,0.0,0.0,0.0,0.09076240419524001,0.0,0.0,0.0,0.0,0.0,0.0,0.0,0.0,0.2776826484018265,0.0,0.0,0.0,0.0,0.0,0.2768264840182648,0.0,0.0,0.0,0.0,0.0,-0.26321097216619604,-0.5545091324200913,2,0
153,cloud technologies private ltd. ,0.6676583299717628,0.18015125570776255,2479,3504,0,0,0,0,0,0,0,0,0,0,0,0,0,0,0,0,0,0,0,0.0,0.0,0.0,0.0,0.0,0.0,0.0,0.0,0.0,0.0,0.0,0.0,0.0,0.0,0.0,0.0,0.0,0.0,0.0,0.0,0.0,0.0,0.0,0.0,0.0,0.0,0.0,0.0,0.0,0.0,0.0,0.0,2,0
152,private cloud technologies private ltd. ,0.7847115772488907,0.7628424657534246,2479,3504,0,0,0,0,0,-1,0,-1,0,1,-1,0,0,0,0,0,-1,0,0,0.0,0.11198063735377169,0.0,0.4263412666397741,0.0,0.1538120209762001,0.11621621621621621,0.0,0.0,0.0,0.0,0.0,0.3078257361839451,0.0,0.0,0.0,0.07089041095890411,0.0,0.30781963470319634,0.0,0.08807077625570776,0.0846175799086758,0.0,0.0,0.0,0.0,0.0,0.388898401826484,0.0,0.0,-0.808551835417507,-0.7641552511415525,2,0
151,cloud technologies private ltd. private private cloud ,0.5349219155189304,0.26378016960208744,2479,3504,0,0,0,0,0,-1,0,-1,0,0,-1,0,0,-1,0,0,-1,0,0,0.0,0.09084884458018785,0.0,0.1394859678441768,0.0,0.0,0.083011583011583,0.0,0.0,0.025932115484354288,0.0,0.0,0.07776753299141359,0.0,0.0,0.0,0.10412589693411611,0.0,0.15364073711676451,0.0,0.0,0.060441128506197,0.0,0.0,0.07909328114807566,0.0,0.0,0.06280577299412916,0.0,0.0,-0.41704604391171557,-0.46010681669928244,2,0
39,renault,0.0628563283922463,0.30786290322580645,3508,2480,0,0,0,0,0,0,0,0,0,0,0,0,0,0,0,0,0,0,0,0.0,0.0,0.0,0.0,0.0,0.0,0.0,0.0,0.0,0.0,0.0,0.0,0.0,0.0,0.0,0.0,0.0,0.0,0.0,0.0,0.0,0.0,0.0,0.0,0.0,0.0,0.0,0.0,0.0,0.0,0.0,0.0,4,0
41,freight king freight maritime ,0.3505642885933091,0.5891889965792474,2481,3508,0,0,0,0,0,0,0,0,0,0,0,0,0,0,0,0,-1,0,0,0.0,0.0,0.0,0.0,0.0,0.0,0.0,0.0,0.0,0.0,0.0,0.0,0.08696090286174929,0.0,0.0,0.0,0.0,0.0,0.0,0.0,0.0,0.0,0.0,0.0,0.0,0.0,0.0,0.46098204104903073,0.0,0.0,-0.08696090286174929,-0.46098204104903073,5,0
47,vodafone ,0.5310609116579266,0.5067142857142857,2479,3500,0,0,0,0,0,0,0,-1,0,0,0,0,0,0,0,0,0,0,0,0.0,0.0,0.0,0.4201290843081888,0.0,0.0,0.0,0.0,0.0,0.0,0.0,0.0,0.0,0.0,0.0,0.0,0.0,0.0,0.37842857142857145,0.0,0.0,0.0,0.0,0.0,0.0,0.0,0.0,0.0,0.0,0.0,-0.4201290843081888,-0.37842857142857145,7,0
48,vodafone vodafone vodafone ,0.37898346107301334,0.944952380952381,2479,3500,0,0,0,0,0,0,0,-1,0,0,0,0,0,0,0,0,-1,0,0,0.0,0.0,0.0,0.10239343821433373,0.0,0.0,0.0,0.0,0.0,0.0,0.0,0.0,0.08746806508000537,0.0,0.0,0.0,0.0,0.0,0.27166666666666667,0.0,0.0,0.0,0.0,0.0,0.0,0.0,0.0,0.5019523809523809,0.0,0.0,-0.18986150329433912,-0.7736190476190475,7,0
140,shankar murthy ,0.26284313725490194,0.22348484848484848,2550,3300,0,0,0,0,0,0,0,0,0,0,0,0,0,0,0,0,0,0,0,0.0,0.0,0.0,0.0,0.0,0.0,0.0,0.0,0.0,0.0,0.0,0.0,0.0,0.0,0.0,0.0,0.0,0.0,0.0,0.0,0.0,0.0,0.0,0.0,0.0,0.0,0.0,0.0,0.0,0.0,0.0,0.0,8,0
125,anne,0.0027107267329288757,0.0405146454968519,7747,10959,0,0,0,0,0,0,0,0,0,0,0,0,0,0,0,0,0,0,0,0.0,0.0,0.0,0.0,0.0,0.0,0.0,0.0,0.0,0.0,0.0,0.0,0.0,0.0,0.0,0.0,0.0,0.0,0.0,0.0,0.0,0.0,0.0,0.0,0.0,0.0,0.0,0.0,0.0,0.0,0.0,0.0,10,0
104,touchstone enterprises pvt ltd karnataka wilfred raphael amr tech karnataka india ge ,0.5843745801424156,0.18731584450147323,2481,3507,0,0,0,0,0,0,0,0,0,0,0,0,0,0,0,0,0,0,0,0.0,0.0,0.0,0.0,0.0,0.0,0.0,0.0,0.0,0.0,0.0,0.0,0.0,0.0,0.0,0.0,0.0,0.0,0.0,0.0,0.0,0.0,0.0,0.0,0.0,0.0,0.0,0.0,0.0,0.0,0.0,0.0,12,0
105,"amr tech park i1.b, karnataka india jack jones touchstone enterprises ",0.1594921402660218,0.36007984031936124,2481,3507,0,0,0,0,0,0,0,0,0,0,0,0,0,0,0,0,-1,0,0,0.0,0.0,0.0,0.0,0.0,0.0,0.0,0.0,0.0,0.0,0.0,0.0,0.03954050785973398,0.0,0.0,0.0,0.0,0.0,0.0,0.0,0.0,0.0,0.0,0.0,0.0,0.0,0.0,0.10439121756487027,0.0,0.0,-0.03954050785973398,-0.10439121756487027,12,0
106,touchstone enterprises pvt ltd ,0.4879081015719468,0.07139292842885657,2481,3507,0,0,0,0,0,0,0,0,0,0,0,0,0,0,0,0,0,0,0,0.0,0.0,0.0,0.0,0.0,0.0,0.0,0.0,0.0,0.0,0.0,0.0,0.0,0.0,0.0,0.0,0.0,0.0,0.0,0.0,0.0,0.0,0.0,0.0,0.0,0.0,0.0,0.0,0.0,0.0,0.0,0.0,12,0
107,karnataka wilfred raphael ,0.7812038156657262,0.15982321072141434,2481,3507,0,0,0,0,0,0,0,0,0,0,0,0,0,0,0,0,0,0,0,0.0,0.0,0.0,0.0,0.0,0.0,0.0,0.0,0.0,0.0,0.0,0.0,0.0,0.0,0.0,0.0,0.0,0.0,0.0,0.0,0.0,0.0,0.0,0.0,0.0,0.0,0.0,0.0,0.0,0.0,0.0,0.0,12,0
112,touchstone enterprises ,0.25151148730350664,0.5998003992015968,2481,3507,0,0,0,0,0,0,0,0,0,0,0,0,0,0,0,0,-1,0,0,0.0,0.0,0.0,0.0,0.0,0.0,0.0,0.0,0.0,0.0,0.0,0.0,0.1977025392986699,0.0,0.0,0.0,0.0,0.0,0.0,0.0,0.0,0.0,0.0,0.0,0.0,0.0,0.0,0.5219560878243513,0.0,0.0,-0.1977025392986699,-0.5219560878243513,12,0
108,amr tech karnataka india ,0.5548166062071745,0.2811163387510693,2481,3507,0,0,0,0,0,0,0,0,0,0,0,0,0,0,0,0,0,0,0,0.0,0.0,0.0,0.0,0.0,0.0,0.0,0.0,0.0,0.0,0.0,0.0,0.0,0.0,0.0,0.0,0.0,0.0,0.0,0.0,0.0,0.0,0.0,0.0,0.0,0.0,0.0,0.0,0.0,0.0,0.0,0.0,12,0
111,jack jones ,0.15427247077791212,0.37959794696321647,2481,3507,0,0,0,0,0,0,0,0,0,0,0,0,0,0,0,0,0,0,0,0.0,0.0,0.0,0.0,0.0,0.0,0.0,0.0,0.0,0.0,0.0,0.0,0.0,0.0,0.0,0.0,0.0,0.0,0.0,0.0,0.0,0.0,0.0,0.0,0.0,0.0,0.0,0.0,0.0,0.0,0.0,0.0,12,0
109,ge ,0.49798468359532444,0.3582834331337325,2481,3507,0,0,0,0,0,0,0,0,0,0,0,0,0,0,0,0,0,0,0,0.0,0.0,0.0,0.0,0.0,0.0,0.0,0.0,0.0,0.0,0.0,0.0,0.0,0.0,0.0,0.0,0.0,0.0,0.0,0.0,0.0,0.0,0.0,0.0,0.0,0.0,0.0,0.0,0.0,0.0,0.0,0.0,12,0
110,"amr tech park i1.b, karnataka india ",0.13055891441623002,0.27366695181066436,2481,3507,0,0,0,0,0,0,0,0,0,0,0,0,0,0,0,0,0,0,0,0.0,0.0,0.0,0.0,0.0,0.0,0.0,0.0,0.0,0.0,0.0,0.0,0.0,0.0,0.0,0.0,0.0,0.0,0.0,0.0,0.0,0.0,0.0,0.0,0.0,0.0,0.0,0.0,0.0,0.0,0.0,0.0,12,0
58,dha ,0.20846774193548387,0.4589509692132269,2480,3508,0,0,0,0,0,0,0,0,0,0,0,0,0,0,0,0,0,0,0,0.0,0.0,0.0,0.0,0.0,0.0,0.0,0.0,0.0,0.0,0.0,0.0,0.0,0.0,0.0,0.0,0.0,0.0,0.0,0.0,0.0,0.0,0.0,0.0,0.0,0.0,0.0,0.0,0.0,0.0,0.0,0.0,14,0
59,ma iy yeh ali ,0.6557963709677419,0.24208950969213228,2480,3508,0,0,0,0,0,0,0,0,0,0,0,0,0,0,0,0,0,0,0,0.0,0.0,0.0,0.0,0.0,0.0,0.0,0.0,0.0,0.0,0.0,0.0,0.0,0.0,0.0,0.0,0.0,0.0,0.0,0.0,0.0,0.0,0.0,0.0,0.0,0.0,0.0,0.0,0.0,0.0,0.0,0.0,14,0
75,ge,0.8186215235792019,0.13768529076396807,2481,3508,0,0,0,0,0,0,0,0,0,0,0,0,0,0,0,0,0,0,0,0.0,0.0,0.0,0.0,0.0,0.0,0.0,0.0,0.0,0.0,0.0,0.0,0.0,0.0,0.0,0.0,0.0,0.0,0.0,0.0,0.0,0.0,0.0,0.0,0.0,0.0,0.0,0.0,0.0,0.0,0.0,0.0,15,0
13,endeavour office solutions ,0.7743790849673203,0.04787878787878788,2550,3300,0,0,0,0,0,0,0,0,0,0,0,0,0,0,0,0,0,0,0,0.0,0.0,0.0,0.0,0.0,0.0,0.0,0.0,0.0,0.0,0.0,0.0,0.0,0.0,0.0,0.0,0.0,0.0,0.0,0.0,0.0,0.0,0.0,0.0,0.0,0.0,0.0,0.0,0.0,0.0,0.0,0.0,18,0
11,endeavour office solutions lien ,0.13612745098039217,0.9335984848484848,2550,3300,0,0,0,0,0,0,-1,0,0,1,0,0,0,0,-1,0,0,0,0,0.0,0.0,0.05941176470588235,0.0,0.0,0.05745098039215686,0.0,0.0,0.0,0.0,0.05593137254901961,0.0,0.0,0.0,0.0,0.0,0.0,0.8595454545454545,0.0,0.0,0.43022727272727274,0.0,0.0,0.0,0.0,0.23329545454545456,0.0,0.0,0.0,0.0,-0.0578921568627451,-0.6626136363636363,18,0
12,endeavour office solutions ltd ,0.24475490196078434,0.021022727272727276,2550,3300,0,0,0,0,0,0,0,0,0,0,0,0,0,0,0,0,0,0,0,0.0,0.0,0.0,0.0,0.0,0.0,0.0,0.0,0.0,0.0,0.0,0.0,0.0,0.0,0.0,0.0,0.0,0.0,0.0,0.0,0.0,0.0,0.0,0.0,0.0,0.0,0.0,0.0,0.0,0.0,0.0,0.0,18,0
10,endeavour office solutions ltd endeavour office solutions ltd ,0.44102941176470595,0.050852272727272725,2550,3300,0,0,0,0,0,0,0,0,0,0,0,0,0,0,0,0,0,0,0,0.0,0.0,0.0,0.0,0.0,0.0,0.0,0.0,0.0,0.0,0.0,0.0,0.0,0.0,0.0,0.0,0.0,0.0,0.0,0.0,0.0,0.0,0.0,0.0,0.0,0.0,0.0,0.0,0.0,0.0,0.0,0.0,18,0
210,enn globelink ww india pvt ltd. ,0.2899346405228758,0.7360353535353535,2550,3300,0,0,0,0,0,0,0,-1,0,0,-1,0,0,0,0,0,0,0,0,0.0,0.0,0.0,0.16215686274509802,0.0,0.0,0.1372549019607843,0.0,0.0,0.0,0.0,0.0,0.0,0.0,0.0,0.0,0.0,0.0,0.18717171717171718,0.0,0.0,0.4405303030303031,0.0,0.0,0.0,0.0,0.0,0.0,0.0,0.0,-0.2994117647058823,-0.6277020202020202,19,0
52,private limited tally solutions pvt ltd ,0.45230637813211844,0.4196194886249245,3512,4967,0,0,0,0,1,0,0,0,0,0,0,-1,0,0,0,0,0,0,0,0.03967350037965072,0.0,0.0,0.0,0.0,0.0,0.0,0.2642369020501139,0.0,0.0,0.0,0.0,0.0,0.0,0.0,0.12378363868196766,0.0,0.0,0.0,0.0,0.0,0.0,0.18557479363801088,0.0,0.0,0.0,0.0,0.0,0.0,0.0,-0.22456340167046318,-0.061791154956043225,21,0
51,bharat ,0.5703302961275627,0.38926917656533117,3512,4967,0,0,0,0,1,0,0,0,0,0,0,-1,0,0,0,0,0,0,0,0.11902050113895217,0.0,0.0,0.0,0.0,0.0,0.0,0.5284738041002278,0.0,0.0,0.0,0.0,0.0,0.0,0.0,0.371350916045903,0.0,0.0,0.0,0.0,0.0,0.0,0.37114958727602176,0.0,0.0,0.0,0.0,0.0,0.0,0.0,-0.40945330296127563,0.00020132876988121495,21,0
50,deepak ,0.22494305239179954,0.8507147171330783,3512,4967,0,0,0,0,0,0,0,0,0,0,0,0,0,0,0,0,0,0,0,0.0,0.0,0.0,0.0,0.0,0.0,0.0,0.0,0.0,0.0,0.0,0.0,0.0,0.0,0.0,0.0,0.0,0.0,0.0,0.0,0.0,0.0,0.0,0.0,0.0,0.0,0.0,0.0,0.0,0.0,0.0,0.0,21,0
49,bharat private limited tally solutions pvt ltd ,0.46916693784575336,0.41528372975926825,3512,4967,0,0,0,0,1,0,0,0,0,0,0,-1,0,0,0,0,0,0,0,0.05100878620240807,0.0,0.0,0.0,0.0,0.0,0.0,0.3019850309144159,0.0,0.0,0.0,0.0,0.0,0.0,0.0,0.15915039259110128,0.0,0.0,0.0,0.0,0.0,0.0,0.212085478443441,0.0,0.0,0.0,0.0,0.0,0.0,0.0,-0.2509762447120078,-0.05293508585233973,21,0
53,deepak ,0.22494305239179954,0.8507147171330783,3512,4967,0,0,0,0,0,0,0,0,0,0,0,0,0,0,0,0,0,0,0,0.0,0.0,0.0,0.0,0.0,0.0,0.0,0.0,0.0,0.0,0.0,0.0,0.0,0.0,0.0,0.0,0.0,0.0,0.0,0.0,0.0,0.0,0.0,0.0,0.0,0.0,0.0,0.0,0.0,0.0,0.0,0.0,21,0
0,amr tech park amr tech park ,0.22218954248366016,0.25136363636363634,2550,3300,0,0,0,0,0,0,0,-1,0,0,0,0,0,0,0,0,0,0,0,0.0,0.0,0.0,0.12068627450980392,0.0,0.0,0.0,0.0,0.0,0.0,0.0,0.0,0.0,0.0,0.0,0.0,0.0,0.0,0.21333333333333335,0.0,0.0,0.0,0.0,0.0,0.0,0.0,0.0,0.0,0.0,0.0,-0.12068627450980392,-0.21333333333333335,23,0
5,ii hongasandra ,0.32598039215686275,0.31727272727272726,2550,3300,0,0,0,0,0,0,0,-1,0,0,0,0,0,0,0,0,0,0,0,0.0,0.0,0.0,0.12509803921568627,0.0,0.0,0.0,0.0,0.0,0.0,0.0,0.0,0.0,0.0,0.0,0.0,0.0,0.0,0.2783333333333333,0.0,0.0,0.0,0.0,0.0,0.0,0.0,0.0,0.0,0.0,0.0,-0.12509803921568627,-0.2783333333333333,23,0
2,amr tech park ,0.22222222222222224,0.18575757575757576,2550,3300,0,0,0,0,0,0,0,-1,0,0,0,0,0,0,0,0,0,0,0,0.0,0.0,0.0,0.11627450980392157,0.0,0.0,0.0,0.0,0.0,0.0,0.0,0.0,0.0,0.0,0.0,0.0,0.0,0.0,0.14833333333333334,0.0,0.0,0.0,0.0,0.0,0.0,0.0,0.0,0.0,0.0,0.0,-0.11627450980392157,-0.14833333333333334,23,0
1,il hongasandra ii hongasandra ,0.32598039215686275,0.2526515151515151,2550,3300,0,0,0,0,0,0,0,-1,0,0,0,0,0,0,0,0,0,0,0,0.0,0.0,0.0,0.12068627450980393,0.0,0.0,0.0,0.0,0.0,0.0,0.0,0.0,0.0,0.0,0.0,0.0,0.0,0.0,0.21333333333333332,0.0,0.0,0.0,0.0,0.0,0.0,0.0,0.0,0.0,0.0,0.0,-0.12068627450980393,-0.21333333333333332,23,0
3,amr tech park ,0.22215686274509805,0.31696969696969696,2550,3300,0,0,0,0,0,0,0,-1,0,0,0,0,0,0,0,0,0,0,0,0.0,0.0,0.0,0.12509803921568627,0.0,0.0,0.0,0.0,0.0,0.0,0.0,0.0,0.0,0.0,0.0,0.0,0.0,0.0,0.2783333333333333,0.0,0.0,0.0,0.0,0.0,0.0,0.0,0.0,0.0,0.0,0.0,-0.12509803921568627,-0.2783333333333333,23,0
4,il hongasandra ,0.32598039215686275,0.18803030303030302,2550,3300,0,0,0,0,0,0,0,-1,0,0,0,0,0,0,0,0,0,0,0,0.0,0.0,0.0,0.11627450980392157,0.0,0.0,0.0,0.0,0.0,0.0,0.0,0.0,0.0,0.0,0.0,0.0,0.0,0.0,0.14833333333333334,0.0,0.0,0.0,0.0,0.0,0.0,0.0,0.0,0.0,0.0,0.0,-0.11627450980392157,-0.14833333333333334,23,0
35,"amr tech park ii,no:23&24, ",0.7219925883694412,0.12495803961060759,3508,2979,0,0,0,0,0,-1,0,0,0,0,0,0,1,0,0,0,0,0,0,0.0,0.4662200684150513,0.0,0.0,0.0,0.0,0.0,0.0,0.1499429874572406,0.0,0.0,0.0,0.0,0.0,0.0,0.0,0.0924806982208795,0.0,0.0,0.0,0.0,0.0,0.0,0.0924806982208795,0.0,0.0,0.0,0.0,0.0,0.0,-0.3162770809578107,0.0,27,0
36,"amr tech park jj,no:23&24, ",0.40411202964652226,0.1252937227257469,3508,2979,0,0,0,0,0,0,0,0,0,0,0,0,1,0,0,0,0,0,0,0.0,0.0,0.0,0.0,0.0,0.0,0.0,0.0,0.1499429874572406,0.0,0.0,0.0,0.0,0.0,0.0,0.0,0.0,0.0,0.0,0.0,0.0,0.0,0.0,0.0924806982208795,0.0,0.0,0.0,0.0,0.0,0.0,0.1499429874572406,0.0924806982208795,27,0
37,"amr tech park ii,no:23&24, ",0.7219925883694412,0.12495803961060759,3508,2979,0,0,0,0,0,-1,0,0,0,0,0,0,1,0,0,0,0,0,0,0.0,0.4662200684150513,0.0,0.0,0.0,0.0,0.0,0.0,0.1499429874572406,0.0,0.0,0.0,0.0,0.0,0.0,0.0,0.0924806982208795,0.0,0.0,0.0,0.0,0.0,0.0,0.0924806982208795,0.0,0.0,0.0,0.0,0.0,0.0,-0.3162770809578107,0.0,27,0
38,"amr tech park jj,no:23&24, ",0.40411202964652226,0.1252937227257469,3508,2979,0,0,0,0,0,0,0,0,0,0,0,0,1,0,0,0,0,0,0,0.0,0.0,0.0,0.0,0.0,0.0,0.0,0.0,0.1499429874572406,0.0,0.0,0.0,0.0,0.0,0.0,0.0,0.0,0.0,0.0,0.0,0.0,0.0,0.0,0.0924806982208795,0.0,0.0,0.0,0.0,0.0,0.0,0.1499429874572406,0.0924806982208795,27,0
8,tally solutions pvt. ltd. amr tech park ppc ,0.4388480392156863,0.3502462121212121,2550,3300,0,0,0,0,0,0,0,-1,0,0,0,0,0,0,0,0,0,0,0,0.0,0.0,0.0,0.26235294117647057,0.0,0.0,0.0,0.0,0.0,0.0,0.0,0.0,0.0,0.0,0.0,0.0,0.0,0.0,0.2449431818181818,0.0,0.0,0.0,0.0,0.0,0.0,0.0,0.0,0.0,0.0,0.0,-0.26235294117647057,-0.2449431818181818,28,0
63,stationary school school ,0.23732687911792386,0.5584094368340944,2479,3504,0,0,0,0,0,0,0,-1,0,0,0,0,0,0,0,0,0,0,0,0.0,0.0,0.0,0.16942315449778136,0.0,0.0,0.0,0.0,0.0,0.0,0.0,0.0,0.0,0.0,0.0,0.0,0.0,0.0,0.1688070776255708,0.0,0.0,0.0,0.0,0.0,0.0,0.0,0.0,0.0,0.0,0.0,-0.16942315449778136,-0.1688070776255708,30,0
64,st. charles high school ,0.5546087131908027,0.05607876712328767,2479,3504,0,0,0,0,0,0,0,0,0,0,0,0,0,0,0,0,0,0,0,0.0,0.0,0.0,0.0,0.0,0.0,0.0,0.0,0.0,0.0,0.0,0.0,0.0,0.0,0.0,0.0,0.0,0.0,0.0,0.0,0.0,0.0,0.0,0.0,0.0,0.0,0.0,0.0,0.0,0.0,0.0,0.0,30,0
61,stationary school school ,0.23732687911792386,0.5584094368340944,2479,3504,0,0,0,0,0,0,0,-1,0,0,0,0,0,0,0,0,0,0,0,0.0,0.0,0.0,0.16942315449778136,0.0,0.0,0.0,0.0,0.0,0.0,0.0,0.0,0.0,0.0,0.0,0.0,0.0,0.0,0.1688070776255708,0.0,0.0,0.0,0.0,0.0,0.0,0.0,0.0,0.0,0.0,0.0,-0.16942315449778136,-0.1688070776255708,30,0
62,st. charles high school ,0.5546087131908027,0.05607876712328767,2479,3504,0,0,0,0,0,0,0,0,0,0,0,0,0,0,0,0,0,0,0,0.0,0.0,0.0,0.0,0.0,0.0,0.0,0.0,0.0,0.0,0.0,0.0,0.0,0.0,0.0,0.0,0.0,0.0,0.0,0.0,0.0,0.0,0.0,0.0,0.0,0.0,0.0,0.0,0.0,0.0,0.0,0.0,30,0
185,tally solutions pvt ltd ,0.6270169423154498,0.2635761117445838,2479,3508,0,0,0,0,0,0,-1,-1,0,0,0,0,0,0,0,0,0,0,0,0.0,0.0,0.27874142799515933,0.3894715611133522,0.0,0.0,0.0,0.0,0.0,0.0,0.0,0.0,0.0,0.0,0.0,0.0,0.0,0.24244583808437856,0.24330102622576966,0.0,0.0,0.0,0.0,0.0,0.0,0.0,0.0,0.0,0.0,0.0,-0.6682129891085116,-0.48574686431014824,31,0
184,tally solutions pvt ltd ,0.18631504638967325,0.2634335803876853,2479,3508,0,0,0,0,0,0,0,0,0,0,0,-1,0,0,0,0,0,0,0,0.0,0.0,0.0,0.0,0.0,0.0,0.0,0.07548406615570795,0.0,0.0,0.0,0.0,0.0,0.0,0.0,0.0,0.0,0.0,0.0,0.0,0.0,0.0,0.1656927023945268,0.0,0.0,0.0,0.0,0.0,0.0,0.0,-0.07548406615570795,-0.1656927023945268,31,0
183,tally solutions pvt ltd ,0.6270169423154498,0.2635761117445838,2479,3508,0,0,0,0,0,0,-1,-1,0,0,0,0,0,0,0,0,0,0,0,0.0,0.0,0.27874142799515933,0.3894715611133522,0.0,0.0,0.0,0.0,0.0,0.0,0.0,0.0,0.0,0.0,0.0,0.0,0.0,0.24244583808437856,0.24330102622576966,0.0,0.0,0.0,0.0,0.0,0.0,0.0,0.0,0.0,0.0,0.0,-0.6682129891085116,-0.48574686431014824,31,0
186,tally solutions pvt ltd ,0.18631504638967325,0.2634335803876853,2479,3508,0,0,0,0,0,0,0,0,0,0,0,-1,0,0,0,0,0,0,0,0.0,0.0,0.0,0.0,0.0,0.0,0.0,0.07548406615570795,0.0,0.0,0.0,0.0,0.0,0.0,0.0,0.0,0.0,0.0,0.0,0.0,0.0,0.0,0.1656927023945268,0.0,0.0,0.0,0.0,0.0,0.0,0.0,-0.07548406615570795,-0.1656927023945268,31,0
127,continental,0.20700765203383004,0.5031356898517674,2483,3508,0,0,0,0,0,0,0,0,0,0,0,0,0,0,0,0,0,0,0,0.0,0.0,0.0,0.0,0.0,0.0,0.0,0.0,0.0,0.0,0.0,0.0,0.0,0.0,0.0,0.0,0.0,0.0,0.0,0.0,0.0,0.0,0.0,0.0,0.0,0.0,0.0,0.0,0.0,0.0,0.0,0.0,32,0
120,limited ,0.2931372549019608,0.2475757575757576,2550,3300,0,0,0,0,0,0,0,-1,0,1,0,0,0,0,-1,0,0,0,0,0.0,0.0,0.0,0.2633333333333333,0.0,0.13666666666666666,0.0,0.0,0.0,0.0,0.07627450980392157,0.0,0.0,0.0,0.0,0.0,0.0,0.0,0.2253030303030303,0.0,0.09484848484848485,0.0,0.0,0.0,0.0,0.24651515151515152,0.0,0.0,0.0,0.0,-0.20294117647058824,-0.37696969696969695,35,0
117,nis management limited ,0.7430065359477124,0.2478787878787879,2550,3300,0,0,0,0,0,0,0,-1,0,0,0,0,1,0,-1,0,0,0,0,0.0,0.0,0.0,0.2633333333333333,0.0,0.0,0.0,0.0,0.2542483660130719,0.0,0.07627450980392157,0.0,0.0,0.0,0.0,0.0,0.0,0.0,0.2253030303030303,0.0,0.0,0.0,0.0,0.0747979797979798,0.0,0.2465151515151515,0.0,0.0,0.0,0.0,-0.08535947712418301,-0.397020202020202,35,0
116,of ,0.7264705882352941,0.22424242424242424,2550,3300,0,0,0,0,0,0,0,0,0,0,0,0,0,0,0,0,0,0,0,0.0,0.0,0.0,0.0,0.0,0.0,0.0,0.0,0.0,0.0,0.0,0.0,0.0,0.0,0.0,0.0,0.0,0.0,0.0,0.0,0.0,0.0,0.0,0.0,0.0,0.0,0.0,0.0,0.0,0.0,0.0,0.0,35,0
115,management ,0.8960784313725491,0.07515151515151515,2550,3300,0,0,0,0,0,0,0,0,0,0,0,0,0,0,0,0,0,0,0,0.0,0.0,0.0,0.0,0.0,0.0,0.0,0.0,0.0,0.0,0.0,0.0,0.0,0.0,0.0,0.0,0.0,0.0,0.0,0.0,0.0,0.0,0.0,0.0,0.0,0.0,0.0,0.0,0.0,0.0,0.0,0.0,35,0
114,of limited of amr block bank state bank of india nis management limited ,0.19984917043740572,0.673240093240093,2550,3300,0,0,0,0,0,0,0,-1,0,1,0,0,0,0,-1,0,0,0,0,0.0,0.0,0.0,0.04280542986425339,0.0,0.010512820512820513,0.0,0.0,0.0,0.0,0.011734539969834088,0.0,0.0,0.0,0.0,0.0,0.0,0.0,0.06348484848484849,0.0,0.007296037296037296,0.0,0.0,0.0,0.0,0.037925407925407925,0.0,0.0,0.0,0.0,-0.04402714932126697,-0.09411421911421912,35,0
113,management of nis management limited nis management limited ds nis management limited ,0.6955555555555556,0.46954545454545454,2550,3300,0,0,0,0,0,0,0,-1,0,0,0,0,1,0,-1,0,-1,0,0,0.0,0.0,0.0,0.11468954248366013,0.0,0.0,0.0,0.0,0.06356209150326797,0.0,0.019068627450980393,0.0,0.3015032679738561,0.0,0.0,0.0,0.0,0.0,0.1563257575757576,0.0,0.0,0.0,0.0,0.01869949494949495,0.0,0.06162878787878787,0.0,0.379520202020202,0.0,0.0,-0.3716993464052287,-0.5787752525252524,35,0
121,of ,0.09784313725490196,0.3503030303030303,2550,3300,0,0,0,0,0,0,0,0,0,0,0,0,0,0,-1,0,0,0,0,0.0,0.0,0.0,0.0,0.0,0.0,0.0,0.0,0.0,0.0,0.07627450980392157,0.0,0.0,0.0,0.0,0.0,0.0,0.0,0.0,0.0,0.0,0.0,0.0,0.0,0.0,0.24651515151515152,0.0,0.0,0.0,0.0,-0.07627450980392157,-0.24651515151515152,35,0
122,amr block ,0.14735294117647058,0.6462878787878787,2550,3300,0,0,0,0,0,0,0,0,0,0,0,0,0,0,0,0,0,0,0,0.0,0.0,0.0,0.0,0.0,0.0,0.0,0.0,0.0,0.0,0.0,0.0,0.0,0.0,0.0,0.0,0.0,0.0,0.0,0.0,0.0,0.0,0.0,0.0,0.0,0.0,0.0,0.0,0.0,0.0,0.0,0.0,35,0
123,bank state bank of india ,0.23737254901960786,0.7754545454545455,2550,3300,0,0,0,0,0,0,0,-1,0,0,0,0,0,0,0,0,0,0,0,0.0,0.0,0.0,0.05862745098039216,0.0,0.0,0.0,0.0,0.0,0.0,0.0,0.0,0.0,0.0,0.0,0.0,0.0,0.0,0.12,0.0,0.0,0.0,0.0,0.0,0.0,0.0,0.0,0.0,0.0,0.0,-0.05862745098039216,-0.12,35,0
124,nis management limited ,0.19758169934640524,0.9200505050505051,2550,3300,0,0,0,0,0,0,0,0,0,0,0,0,0,0,0,0,0,0,0,0.0,0.0,0.0,0.0,0.0,0.0,0.0,0.0,0.0,0.0,0.0,0.0,0.0,0.0,0.0,0.0,0.0,0.0,0.0,0.0,0.0,0.0,0.0,0.0,0.0,0.0,0.0,0.0,0.0,0.0,0.0,0.0,35,0
118,nis management limited ds nis management limited ,0.6421568627450981,0.6559307359307359,2550,3300,0,0,0,0,0,0,0,-1,0,0,0,0,0,0,0,0,-1,0,0,0.0,0.0,0.0,0.08375350140056023,0.0,0.0,0.0,0.0,0.0,0.0,0.0,0.0,0.5168627450980391,0.0,0.0,0.0,0.0,0.0,0.17142857142857143,0.0,0.0,0.0,0.0,0.0,0.0,0.0,0.0,0.6506060606060605,0.0,0.0,-0.6006162464985992,-0.8220346320346319,35,0
119,of ,0.1327450980392157,0.22424242424242424,2550,3300,0,0,0,0,0,0,0,0,0,0,0,0,0,0,0,0,0,0,0,0.0,0.0,0.0,0.0,0.0,0.0,0.0,0.0,0.0,0.0,0.0,0.0,0.0,0.0,0.0,0.0,0.0,0.0,0.0,0.0,0.0,0.0,0.0,0.0,0.0,0.0,0.0,0.0,0.0,0.0,0.0,0.0,35,0
82,dell international services india pvt. ltd ,0.5794002958182062,0.045443747624477386,2479,3508,0,0,0,0,0,0,0,0,0,0,0,0,0,0,0,0,0,0,0,0.0,0.0,0.0,0.0,0.0,0.0,0.0,0.0,0.0,0.0,0.0,0.0,0.0,0.0,0.0,0.0,0.0,0.0,0.0,0.0,0.0,0.0,0.0,0.0,0.0,0.0,0.0,0.0,0.0,0.0,0.0,0.0,36,0
80,"dell international services india pvt. ltd dell private limited private limited amr tech park ii, amr ii, india dell ",0.48174136430224407,0.16508131788993577,2479,3508,0,0,0,0,0,0,0,0,1,0,-1,0,0,0,0,0,-1,0,0,0.0,0.0,0.0,0.0,0.1585316659943526,0.0,0.029373049404471246,0.0,0.0,0.0,0.0,0.0,0.03374662958323602,0.0,0.0,0.0,0.0,0.0,0.0,0.03267718898157595,0.0,0.01840904999099802,0.0,0.0,0.0,0.0,0.0,0.013795535017703897,0.0,0.0,0.09541198700664531,0.00047260397287402823,36,0
83,"dell private limited private limited amr tech park ii, amr ii, india dell ",0.436668011294877,0.22029865801245502,2479,3508,0,0,0,0,0,0,0,0,1,0,-1,0,0,0,0,0,-1,0,0,0.0,0.0,0.0,0.0,0.23170012722251532,0.0,0.04292984143730413,0.0,0.0,0.0,0.0,0.0,0.04932199708319111,0.0,0.0,0.0,0.0,0.0,0.0,0.04775896851153408,0.0,0.026905534602227874,0.0,0.0,0.0,0.0,0.0,0.020162705025874923,0.0,0.0,0.13944828870202006,0.000690728883431272,36,0
84,dell international services india private limited ,0.20283716552373268,0.8257554161915621,2479,3508,0,0,0,0,0,0,0,0,0,0,0,0,0,0,0,0,-1,0,0,0.0,0.0,0.0,0.0,0.0,0.0,0.0,0.0,0.0,0.0,0.0,0.0,0.08965308592174263,0.0,0.0,0.0,0.0,0.0,0.0,0.0,0.0,0.0,0.0,0.0,0.0,0.0,0.0,0.5030406689471684,0.0,0.0,-0.08965308592174263,-0.5030406689471684,36,0
85,bar ,0.063735377168213,0.8641676168757126,2479,3508,0,0,0,0,0,0,0,0,0,0,0,0,0,0,0,0,-1,0,0,0.0,0.0,0.0,0.0,0.0,0.0,0.0,0.0,0.0,0.0,0.0,0.0,0.05385235982250908,0.0,0.0,0.0,0.0,0.0,0.0,0.0,0.0,0.0,0.0,0.0,0.0,0.0,0.0,0.8253990877993158,0.0,0.0,-0.05385235982250908,-0.8253990877993158,36,0
86,dell international services india pvt. ltd ,0.3120209762000807,0.9348394146712277,2479,3508,0,0,0,0,0,0,0,0,0,1,0,0,0,0,0,0,-1,0,0,0.0,0.0,0.0,0.0,0.0,0.15348931020572812,0.0,0.0,0.0,0.0,0.0,0.0,0.02692617991125454,0.0,0.0,0.0,0.0,0.0,0.0,0.0,0.859321550741163,0.0,0.0,0.0,0.0,0.0,0.0,0.4126995438996579,0.0,0.0,0.12656313029447355,0.44662200684150505,36,0
81,dell international services india private limited bar dell international services india pvt. ltd ,0.24252955596239179,0.8790566616963424,2479,3508,0,0,0,0,0,0,0,0,0,1,0,0,0,0,0,0,-1,0,0,0.0,0.0,0.0,0.0,0.0,0.07084122009495143,0.0,0.0,0.0,0.0,0.0,0.0,0.05794830421696095,0.0,0.0,0.0,0.0,0.0,0.0,0.0,0.3966099464959214,0.0,0.0,0.0,0.0,0.0,0.0,0.4861415665292518,0.0,0.0,0.012892915877990511,-0.08953162003333048,36,0
72,shankar murthy narayana rao ,0.2094607843137255,0.28867424242424244,2550,3300,0,0,0,0,0,0,0,-1,0,0,0,0,0,0,0,0,0,0,0,0.0,0.0,0.0,0.07666666666666666,0.0,0.0,0.0,0.0,0.0,0.0,0.0,0.0,0.0,0.0,0.0,0.0,0.0,0.0,0.2587878787878788,0.0,0.0,0.0,0.0,0.0,0.0,0.0,0.0,0.0,0.0,0.0,-0.07666666666666666,-0.2587878787878788,37,0
73,destination ltd ,0.5354901960784314,0.8854545454545455,2550,3300,0,0,0,0,0,0,-1,0,0,1,0,0,0,0,0,0,0,0,0,0.0,0.0,0.28372549019607846,0.0,0.0,0.3150980392156863,0.0,0.0,0.0,0.0,0.0,0.0,0.0,0.0,0.0,0.0,0.0,0.36856060606060603,0.0,0.0,0.3687878787878788,0.0,0.0,0.0,0.0,0.0,0.0,0.0,0.0,0.0,0.03137254901960784,0.00022727272727274261,37,0
70,destination ltd ,0.5354901960784314,0.8854545454545455,2550,3300,0,0,0,0,0,0,-1,0,0,1,0,0,0,0,0,0,0,0,0,0.0,0.0,0.28372549019607846,0.0,0.0,0.3150980392156863,0.0,0.0,0.0,0.0,0.0,0.0,0.0,0.0,0.0,0.0,0.0,0.36856060606060603,0.0,0.0,0.3687878787878788,0.0,0.0,0.0,0.0,0.0,0.0,0.0,0.0,0.0,0.03137254901960784,0.00022727272727274261,37,0
69,m.1.j destination management pvt ltd shankar murthy narayana rao ,0.19302832244008716,0.1562121212121212,2550,3300,0,0,0,0,0,0,0,-1,0,0,0,0,0,0,0,0,0,0,0,0.0,0.0,0.0,0.03407407407407407,0.0,0.0,0.0,0.0,0.0,0.0,0.0,0.0,0.0,0.0,0.0,0.0,0.0,0.0,0.11501683501683502,0.0,0.0,0.0,0.0,0.0,0.0,0.0,0.0,0.0,0.0,0.0,-0.03407407407407407,-0.11501683501683502,37,0
71,m.1.j destination management pvt ltd ,0.1798823529411765,0.05024242424242424,2550,3300,0,0,0,0,0,0,0,0,0,0,0,0,0,0,0,0,0,0,0,0.0,0.0,0.0,0.0,0.0,0.0,0.0,0.0,0.0,0.0,0.0,0.0,0.0,0.0,0.0,0.0,0.0,0.0,0.0,0.0,0.0,0.0,0.0,0.0,0.0,0.0,0.0,0.0,0.0,0.0,0.0,0.0,37,0
24,free ,0.663372327551432,0.5001425313568986,2479,3508,0,0,0,0,0,0,0,-1,0,1,0,0,0,0,0,0,-1,0,0,0.0,0.0,0.0,0.5082694634933441,0.0,0.6444130697862042,0.0,0.0,0.0,0.0,0.0,0.0,0.5131101250504235,0.0,0.0,0.0,0.0,0.0,0.4699258836944128,0.0,0.49330102622576966,0.0,0.0,0.0,0.0,0.0,0.0,0.3390820980615735,0.0,0.0,-0.3769665187575635,-0.31570695553021666,39,0
25,choosing’ tata aig general insurance company ,0.3998588140379185,0.5376282782212086,2479,3508,0,0,0,0,0,0,0,-1,0,1,0,0,0,0,0,0,-1,0,0,0.0,0.0,0.0,0.25732822374613423,0.0,0.27309398951189995,0.0,0.0,0.0,0.0,0.0,0.0,0.3411994083635874,0.0,0.0,0.0,0.0,0.0,0.5126852907639681,0.0,0.41410110224249336,0.0,0.0,0.0,0.0,0.0,0.0,0.5100247054351957,0.0,0.0,-0.3254336425978217,-0.6086088939566704,39,0
23,free ,0.7777329568374345,0.45909350057012543,2479,3508,0,0,0,0,0,0,0,0,1,0,0,0,0,0,0,0,-1,1,0,0.0,0.0,0.0,0.0,0.7573618394513917,0.0,0.0,0.0,0.0,0.0,0.0,0.0,0.5131101250504235,0.7012908430818878,0.0,0.0,0.0,0.0,0.0,0.173460661345496,0.0,0.0,0.0,0.0,0.0,0.0,0.0,0.3390820980615735,0.33751425313568983,0.0,0.945542557482856,0.17189281641961232,39,0
22,free ,0.6423961274707544,0.3674458380843786,2479,3508,0,0,0,0,0,0,0,0,0,0,0,0,0,0,0,0,-1,0,0,0.0,0.0,0.0,0.0,0.0,0.0,0.0,0.0,0.0,0.0,0.0,0.0,0.5131101250504235,0.0,0.0,0.0,0.0,0.0,0.0,0.0,0.0,0.0,0.0,0.0,0.0,0.0,0.0,0.3390820980615735,0.0,0.0,-0.5131101250504235,-0.3390820980615735,39,0
17,shankar murthy shankar murthy tata aig insurance company insurance free free free choosing’ tata aig general insurance company tata aig general insurance company limited ,0.3428045582896329,0.45082668187001146,2479,3508,0,0,0,0,0,0,0,-1,1,1,0,0,0,0,0,0,-1,1,0,0.0,0.0,0.0,0.14902682533279546,0.03155674331047465,0.12426885841064945,0.0,0.0,0.0,0.0,0.0,0.0,0.20350107570256823,0.02922045179507866,0.0,0.0,0.0,0.0,0.3028316229570505,0.007227527556062333,0.1750166286583048,0.0,0.0,0.0,0.0,0.0,0.0,0.32403316229570506,0.014063093880653743,0.0,-0.16748184751916095,-0.4305575351577348,39,0
18,free free tata aig general tata aig insurance ,0.4155909640984268,0.8206777366020525,2479,3508,0,0,0,0,0,0,0,-1,0,1,0,0,0,0,0,0,-1,0,0,0.0,0.0,0.0,0.20118999596611536,0.0,0.08055163372327552,0.0,0.0,0.0,0.0,0.0,0.0,0.11736083098023396,0.0,0.0,0.0,0.0,0.0,0.29913768529076395,0.0,0.06166262827822121,0.0,0.0,0.0,0.0,0.0,0.0,0.35481399657924745,0.0,0.0,-0.2379991932230738,-0.5922890535917902,39,0
21,insurance ,0.40782573618394513,0.367018244013683,2479,3508,0,0,0,0,0,0,0,-1,0,0,0,0,0,0,0,0,-1,0,0,0.0,0.0,0.0,0.13916901976603469,0.0,0.0,0.0,0.0,0.0,0.0,0.0,0.0,0.08430818878580072,0.0,0.0,0.0,0.0,0.0,0.3273945267958951,0.0,0.0,0.0,0.0,0.0,0.0,0.0,0.0,0.33993728620296465,0.0,0.0,-0.2234772085518354,-0.6673318129988597,39,0
26,tata aig general insurance company limited ,0.26132849267177627,0.6136687571265678,2479,3508,0,0,0,0,0,0,0,-1,0,1,0,0,0,0,0,0,-1,0,0,0.0,0.0,0.0,0.16128815382546724,0.0,0.11657926583299717,0.0,0.0,0.0,0.0,0.0,0.0,0.20219846712384024,0.0,0.0,0.0,0.0,0.0,0.4020572025845686,0.0,0.203748574686431,0.0,0.0,0.0,0.0,0.0,0.0,0.5599106803496768,0.0,0.0,-0.24690735511631035,-0.7582193082478144,39,0
27,free ,0.8588140379185155,0.636830102622577,2479,3508,0,0,0,0,0,0,0,-1,0,1,0,0,0,0,0,0,-1,0,0,0.0,0.0,0.0,0.7769261799112546,0.0,0.6444130697862042,0.0,0.0,0.0,0.0,0.0,0.0,0.09035901573215006,0.0,0.0,0.0,0.0,0.0,0.57596921322691,0.0,0.49330102622576966,0.0,0.0,0.0,0.0,0.0,0.0,0.61345496009122,0.0,0.0,-0.22287212585720045,-0.6961231470923603,39,0
28,free tata aig general ,0.2882210568777733,0.7912984606613456,2479,3508,0,0,0,0,0,0,0,-1,0,0,0,0,0,0,0,0,-1,0,0,0.0,0.0,0.0,0.10356998789834611,0.0,0.0,0.0,0.0,0.0,0.0,0.0,0.0,0.21213190802743043,0.0,0.0,0.0,0.0,0.0,0.26061858608893956,0.0,0.0,0.0,0.0,0.0,0.0,0.0,0.0,0.5562642531356898,0.0,0.0,-0.3157018959257765,-0.8168828392246293,39,0
29,tata aig insurance ,0.4376764824526019,0.9211326491828201,2479,3508,0,0,0,0,0,0,0,-1,0,0,0,0,0,0,0,0,0,0,0,0.0,0.0,0.0,0.13943794540809465,0.0,0.0,0.0,0.0,0.0,0.0,0.0,0.0,0.0,0.0,0.0,0.0,0.0,0.0,0.2582193082478145,0.0,0.0,0.0,0.0,0.0,0.0,0.0,0.0,0.0,0.0,0.0,-0.13943794540809465,-0.2582193082478145,39,0
20,tata aig insurance company ,0.2424868898749496,0.32757269099201825,2479,3508,0,0,0,0,0,0,0,-1,0,0,0,0,0,0,0,0,0,0,0,0.0,0.0,0.0,0.10437676482452601,0.0,0.0,0.0,0.0,0.0,0.0,0.0,0.0,0.0,0.0,0.0,0.0,0.0,0.0,0.24554589509692132,0.0,0.0,0.0,0.0,0.0,0.0,0.0,0.0,0.0,0.0,0.0,-0.10437676482452601,-0.24554589509692132,39,0
19,shankar murthy shankar murthy ,0.19972771278741427,0.227016818700114,2479,3508,0,0,0,0,0,0,0,0,0,0,0,0,0,0,0,0,0,0,0,0.0,0.0,0.0,0.0,0.0,0.0,0.0,0.0,0.0,0.0,0.0,0.0,0.0,0.0,0.0,0.0,0.0,0.0,0.0,0.0,0.0,0.0,0.0,0.0,0.0,0.0,0.0,0.0,0.0,0.0,0.0,0.0,39,0
176,power bridge systems pvt. ltd. power bridge tally solutions pvt. ltd. tally solutions pvt. ltd. amr tech amr tech ,0.3541865546575023,0.19190941425419833,2481,3507,0,0,0,0,0,-1,0,-1,0,0,0,0,0,0,0,1,0,0,0,0.0,0.11239101381022083,0.0,0.056110651477545126,0.0,0.0,0.0,0.0,0.0,0.0,0.0,0.0948259403042067,0.0,0.0,0.0,0.0,0.039620008104092566,0.0,0.12178650218360274,0.0,0.0,0.0,0.0,0.0,0.0,0.0,0.04500772890309607,0.0,0.0,0.0,-0.07367572498355929,-0.1163987813845992,44,0
177,power bridge systems ,0.4323525460163913,0.947533504419732,2481,3507,0,0,0,0,0,0,0,0,0,0,0,0,0,0,0,1,0,0,0,0.0,0.0,0.0,0.0,0.0,0.0,0.0,0.0,0.0,0.0,0.0,0.24519682923552333,0.0,0.0,0.0,0.0,0.0,0.0,0.0,0.0,0.0,0.0,0.0,0.0,0.0,0.0,0.6314038589487692,0.0,0.0,0.0,0.24519682923552333,0.6314038589487692,44,0
178,power bridge systems pvt. ltd. ,0.41688835147118103,0.06971770744225833,2481,3507,0,0,0,0,0,0,0,0,0,0,0,0,0,0,0,1,0,0,0,0.0,0.0,0.0,0.0,0.0,0.0,0.0,0.0,0.0,0.0,0.0,0.23071342200725514,0.0,0.0,0.0,0.0,0.0,0.0,0.0,0.0,0.0,0.0,0.0,0.0,0.0,0.0,0.05588822355289421,0.0,0.0,0.0,0.23071342200725514,0.05588822355289421,44,0
179,power bridge ,0.15124949617089883,0.09595095523239236,2481,3507,0,0,0,0,0,0,0,0,0,0,0,0,0,0,0,1,0,0,0,0.0,0.0,0.0,0.0,0.0,0.0,0.0,0.0,0.0,0.0,0.0,0.10802095929060862,0.0,0.0,0.0,0.0,0.0,0.0,0.0,0.0,0.0,0.0,0.0,0.0,0.0,0.0,0.09595095523239236,0.0,0.0,0.0,0.10802095929060862,0.09595095523239236,44,0
180,tally solutions pvt. ltd. tally solutions pvt. ltd. amr tech amr tech ,0.3618836490662367,0.2588157019294744,2481,3507,0,0,0,0,0,-1,0,-1,0,0,0,0,0,0,0,1,0,0,0,0.0,0.17795243853284967,0.0,0.08884186483944645,0.0,0.0,0.0,0.0,0.0,0.0,0.0,0.03600698643020287,0.0,0.0,0.0,0.0,0.06273167949814656,0.0,0.192828628457371,0.0,0.0,0.0,0.0,0.0,0.0,0.0,0.03198365174413079,0.0,0.0,0.0,-0.23078731694209328,-0.22357665621138675,44,0
181,power bridge systems ,0.4323525460163913,0.947533504419732,2481,3507,0,0,0,0,0,0,0,0,0,0,0,0,0,0,0,1,0,0,0,0.0,0.0,0.0,0.0,0.0,0.0,0.0,0.0,0.0,0.0,0.0,0.24519682923552333,0.0,0.0,0.0,0.0,0.0,0.0,0.0,0.0,0.0,0.0,0.0,0.0,0.0,0.0,0.6314038589487692,0.0,0.0,0.0,0.24519682923552333,0.6314038589487692,44,0
171,ddb limited ,0.09029411764705883,0.9393939393939394,2550,3300,0,0,0,0,0,0,0,0,0,1,0,0,0,0,-1,0,0,0,0,0.0,0.0,0.0,0.0,0.0,0.06794117647058824,0.0,0.0,0.0,0.0,0.06431372549019608,0.0,0.0,0.0,0.0,0.0,0.0,0.0,0.0,0.0,0.3537121212121212,0.0,0.0,0.0,0.0,0.3393181818181818,0.0,0.0,0.0,0.0,0.0036274509803921606,0.014393939393939403,48,0
172,limited ,0.8211764705882353,0.16666666666666666,2550,3300,0,0,0,0,0,0,0,0,0,0,0,0,0,0,0,0,0,0,0,0.0,0.0,0.0,0.0,0.0,0.0,0.0,0.0,0.0,0.0,0.0,0.0,0.0,0.0,0.0,0.0,0.0,0.0,0.0,0.0,0.0,0.0,0.0,0.0,0.0,0.0,0.0,0.0,0.0,0.0,0.0,0.0,48,0
169,tally solutions pvt. ltd. tally ,0.2752549019607843,0.18345454545454545,2550,3300,0,0,0,0,0,0,0,0,0,0,0,0,0,0,-1,0,0,0,0,0.0,0.0,0.0,0.0,0.0,0.0,0.0,0.0,0.0,0.0,0.0203921568627451,0.0,0.0,0.0,0.0,0.0,0.0,0.0,0.0,0.0,0.0,0.0,0.0,0.0,0.0,0.03345454545454545,0.0,0.0,0.0,0.0,-0.0203921568627451,-0.03345454545454545,48,0
168,limited ddb limited ddb ,0.8385784313725491,0.6652272727272728,2550,3300,0,0,0,0,0,0,0,-1,1,1,0,0,0,0,-1,0,0,0,0,0.0,0.0,0.0,0.2995098039215686,0.23852941176470588,0.06794117647058824,0.0,0.0,0.0,0.0,0.06431372549019608,0.0,0.0,0.0,0.0,0.0,0.0,0.0,0.3274242424242424,0.3474242424242424,0.3537121212121212,0.0,0.0,0.0,0.0,0.3393181818181818,0.0,0.0,0.0,0.0,-0.0573529411764706,0.03439393939393939,48,0
174,ddb ,0.846078431372549,0.9565151515151515,2550,3300,0,0,0,0,0,0,0,0,0,0,0,0,0,0,0,0,0,0,0,0.0,0.0,0.0,0.0,0.0,0.0,0.0,0.0,0.0,0.0,0.0,0.0,0.0,0.0,0.0,0.0,0.0,0.0,0.0,0.0,0.0,0.0,0.0,0.0,0.0,0.0,0.0,0.0,0.0,0.0,0.0,0.0,48,0
173,ddb limited ,0.8435294117647059,0.7688636363636363,2550,3300,0,0,0,0,0,0,0,-1,1,1,0,0,0,0,-1,0,0,0,0,0.0,0.0,0.0,0.5990196078431372,0.47705882352941176,0.13588235294117648,0.0,0.0,0.0,0.0,0.12862745098039216,0.0,0.0,0.0,0.0,0.0,0.0,0.0,0.6548484848484848,0.6948484848484848,0.7074242424242424,0.0,0.0,0.0,0.0,0.6786363636363636,0.0,0.0,0.0,0.0,-0.1147058823529412,0.06878787878787879,48,0
170,ddb mudra.private limited bank deutsche bank ag bank ag ,0.23899782135076253,0.5544107744107744,2550,3300,0,0,0,0,0,0,0,0,0,0,0,0,0,0,-1,0,-1,0,0,0.0,0.0,0.0,0.0,0.0,0.0,0.0,0.0,0.0,0.0,0.1745533769063181,0.0,0.10446623093681917,0.0,0.0,0.0,0.0,0.0,0.0,0.0,0.0,0.0,0.0,0.0,0.0,0.46611111111111114,0.0,0.30486531986531984,0.0,0.0,-0.2790196078431373,-0.7709764309764311,48,0
167,tally solutions pvt. ltd. tally ddb mudra.private limited bank deutsche bank ag bank ag ddb limited ,0.23174019607843135,0.4866098484848485,2550,3300,0,0,0,0,0,0,0,0,0,1,0,0,0,0,-1,0,-1,0,0,0.0,0.0,0.0,0.0,0.0,0.00849264705882353,0.0,0.0,0.0,0.0,0.11259803921568629,0.0,0.058762254901960784,0.0,0.0,0.0,0.0,0.0,0.0,0.0,0.04421401515151515,0.0,0.0,0.0,0.0,0.3150568181818182,0.0,0.17148674242424242,0.0,0.0,-0.1628676470588235,-0.4423295454545455,48,0
160,name: ,0.13185483870967743,0.6574971493728621,2480,3508,0,0,0,0,0,0,0,0,0,0,0,0,0,0,0,0,0,0,0,0.0,0.0,0.0,0.0,0.0,0.0,0.0,0.0,0.0,0.0,0.0,0.0,0.0,0.0,0.0,0.0,0.0,0.0,0.0,0.0,0.0,0.0,0.0,0.0,0.0,0.0,0.0,0.0,0.0,0.0,0.0,0.0,49,0
157,address: name: ,0.14828629032258064,0.5865165336374003,2480,3508,0,0,0,0,0,0,0,0,0,0,0,0,0,0,0,0,0,0,0,0.0,0.0,0.0,0.0,0.0,0.0,0.0,0.0,0.0,0.0,0.0,0.0,0.0,0.0,0.0,0.0,0.0,0.0,0.0,0.0,0.0,0.0,0.0,0.0,0.0,0.0,0.0,0.0,0.0,0.0,0.0,0.0,49,0
158,name: name: name: tally solutions pvt ltd tally solutions pvt ltd ,0.23964442815249265,0.42629833108738474,2480,3508,0,0,0,0,0,0,0,0,0,0,0,0,0,0,0,0,0,0,0,0.0,0.0,0.0,0.0,0.0,0.0,0.0,0.0,0.0,0.0,0.0,0.0,0.0,0.0,0.0,0.0,0.0,0.0,0.0,0.0,0.0,0.0,0.0,0.0,0.0,0.0,0.0,0.0,0.0,0.0,0.0,0.0,49,0
159,address: ,0.16471774193548386,0.5155359179019384,2480,3508,0,0,0,0,0,0,0,0,0,0,0,0,0,0,0,0,0,0,0,0.0,0.0,0.0,0.0,0.0,0.0,0.0,0.0,0.0,0.0,0.0,0.0,0.0,0.0,0.0,0.0,0.0,0.0,0.0,0.0,0.0,0.0,0.0,0.0,0.0,0.0,0.0,0.0,0.0,0.0,0.0,0.0,49,0
162,moe oan pvt ltd. ,0.6299395161290322,0.665347875677217,2480,3507,0,0,0,0,0,0,0,-1,0,0,-1,0,0,0,0,0,0,0,0,0.0,0.0,0.0,0.1659274193548387,0.0,0.0,0.06139112903225807,0.0,0.0,0.0,0.0,0.0,0.0,0.0,0.0,0.0,0.0,0.0,0.3582834331337325,0.0,0.0,0.2581978899344169,0.0,0.0,0.0,0.0,0.0,0.0,0.0,0.0,-0.22731854838709675,-0.6164813230681494,50,0
164,mani pvt ,0.23266129032258065,0.3242087254063302,2480,3507,0,0,0,0,0,0,0,0,0,0,0,0,0,0,0,0,0,0,0,0.0,0.0,0.0,0.0,0.0,0.0,0.0,0.0,0.0,0.0,0.0,0.0,0.0,0.0,0.0,0.0,0.0,0.0,0.0,0.0,0.0,0.0,0.0,0.0,0.0,0.0,0.0,0.0,0.0,0.0,0.0,0.0,50,0
163,ww india pvt ltd. oxford ,0.2832258064516129,0.07356715141146279,2480,3507,0,0,0,0,0,0,0,0,0,0,0,0,0,0,0,0,0,0,0,0.0,0.0,0.0,0.0,0.0,0.0,0.0,0.0,0.0,0.0,0.0,0.0,0.0,0.0,0.0,0.0,0.0,0.0,0.0,0.0,0.0,0.0,0.0,0.0,0.0,0.0,0.0,0.0,0.0,0.0,0.0,0.0,50,0
161,ww india pvt ltd. oxford mani pvt ,0.268778801843318,0.14517902969571064,2480,3507,0,0,0,0,0,0,0,0,0,0,0,0,0,0,0,0,0,0,0,0.0,0.0,0.0,0.0,0.0,0.0,0.0,0.0,0.0,0.0,0.0,0.0,0.0,0.0,0.0,0.0,0.0,0.0,0.0,0.0,0.0,0.0,0.0,0.0,0.0,0.0,0.0,0.0,0.0,0.0,0.0,0.0,50,0
165,moe oan ,0.6577620967741935,0.609637867122897,2480,3507,0,0,0,0,0,0,0,0,0,0,-1,0,0,0,0,0,0,0,0,0.0,0.0,0.0,0.0,0.0,0.0,0.12278225806451613,0.0,0.0,0.0,0.0,0.0,0.0,0.0,0.0,0.0,0.0,0.0,0.0,0.0,0.0,0.5163957798688338,0.0,0.0,0.0,0.0,0.0,0.0,0.0,0.0,-0.12278225806451613,-0.5163957798688338,50,0
166,pvt ltd. ,0.6021169354838709,0.7210578842315369,2480,3507,0,0,0,0,0,0,0,-1,0,0,0,0,0,0,0,0,0,0,0,0.0,0.0,0.0,0.3318548387096774,0.0,0.0,0.0,0.0,0.0,0.0,0.0,0.0,0.0,0.0,0.0,0.0,0.0,0.0,0.716566866267465,0.0,0.0,0.0,0.0,0.0,0.0,0.0,0.0,0.0,0.0,0.0,-0.3318548387096774,-0.716566866267465,50,0
182,eli demo company demo customer ltd ,0.14258169934640524,0.13694444444444445,2550,3300,0,0,0,0,0,0,0,0,0,0,-1,0,0,0,0,0,0,0,0,0.0,0.0,0.0,0.0,0.0,0.0,0.0392156862745098,0.0,0.0,0.0,0.0,0.0,0.0,0.0,0.0,0.0,0.0,0.0,0.0,0.0,0.0,0.0705050505050505,0.0,0.0,0.0,0.0,0.0,0.0,0.0,0.0,-0.0392156862745098,-0.0705050505050505,52,0
7,3m,0.35058823529411764,0.7424242424242424,2550,3300,0,0,0,0,0,0,0,0,0,0,0,0,0,0,0,0,0,0,0,0.0,0.0,0.0,0.0,0.0,0.0,0.0,0.0,0.0,0.0,0.0,0.0,0.0,0.0,0.0,0.0,0.0,0.0,0.0,0.0,0.0,0.0,0.0,0.0,0.0,0.0,0.0,0.0,0.0,0.0,0.0,0.0,55,0
102,bank ,0.22470588235294117,0.8775757575757576,2550,3300,0,0,0,0,0,0,0,-1,0,0,0,0,0,0,-1,0,-1,0,0,0.0,0.0,0.0,0.17666666666666667,0.0,0.0,0.0,0.0,0.0,0.0,0.14705882352941177,0.0,0.11294117647058824,0.0,0.0,0.0,0.0,0.0,0.815,0.0,0.0,0.0,0.0,0.0,0.0,0.8775757575757576,0.0,0.6954545454545454,0.0,0.0,-0.43666666666666665,-2.3880303030303027,58,0
103,lala lajpat rai ,0.4920261437908497,0.24393939393939393,2550,3300,0,0,0,0,0,0,-1,-1,0,0,0,0,0,-1,0,0,0,0,0,0.0,0.0,0.1515686274509804,0.2468627450980392,0.0,0.0,0.0,0.0,0.0,0.15666666666666668,0.0,0.0,0.0,0.0,0.0,0.0,0.0,0.16727272727272727,0.2321212121212121,0.0,0.0,0.0,0.0,0.0,0.2321212121212121,0.0,0.0,0.0,0.0,0.0,-0.5550980392156863,-0.6315151515151516,58,0
101,bank bank uco bank ,0.13166666666666665,0.7410984848484848,2550,3300,0,0,0,0,0,0,0,0,0,0,0,0,0,0,0,0,-1,0,0,0.0,0.0,0.0,0.0,0.0,0.0,0.0,0.0,0.0,0.0,0.0,0.0,0.08470588235294119,0.0,0.0,0.0,0.0,0.0,0.0,0.0,0.0,0.0,0.0,0.0,0.0,0.0,0.0,0.5215909090909091,0.0,0.0,-0.08470588235294119,-0.5215909090909091,58,0
100,lala lajpat rai ,0.4920261437908497,0.24393939393939393,2550,3300,0,0,0,0,0,0,-1,-1,0,0,0,0,0,-1,0,0,0,0,0,0.0,0.0,0.1515686274509804,0.2468627450980392,0.0,0.0,0.0,0.0,0.0,0.15666666666666668,0.0,0.0,0.0,0.0,0.0,0.0,0.0,0.16727272727272727,0.2321212121212121,0.0,0.0,0.0,0.0,0.0,0.2321212121212121,0.0,0.0,0.0,0.0,0.0,-0.5550980392156863,-0.6315151515151516,58,0
99,bank bank uco bank bank ,0.15027450980392157,0.7683939393939394,2550,3300,0,0,0,0,0,0,0,-1,0,0,0,0,0,0,-1,0,-1,0,0,0.0,0.0,0.0,0.035333333333333335,0.0,0.0,0.0,0.0,0.0,0.0,0.029411764705882353,0.0,0.0903529411764706,0.0,0.0,0.0,0.0,0.0,0.16299999999999998,0.0,0.0,0.0,0.0,0.0,0.0,0.1755151515151515,0.0,0.5563636363636364,0.0,0.0,-0.15509803921568627,-0.8948787878787879,58,0
139,chocolate hotels pvt. ,0.7014142335766423,0.8495454545454546,2192,3300,0,0,0,0,0,0,0,-1,0,0,0,0,0,0,0,0,-1,0,0,0.0,0.0,0.0,0.44251824817518254,0.0,0.0,0.0,0.0,0.0,0.0,0.0,0.0,0.2903740875912409,0.0,0.0,0.0,0.0,0.0,0.806969696969697,0.0,0.0,0.0,0.0,0.0,0.0,0.0,0.0,0.8195454545454547,0.0,0.0,-0.7328923357664235,-1.6265151515151512,60,0
138,bill ,0.26117700729927007,0.8077272727272727,2192,3300,0,0,0,0,0,0,0,0,0,1,0,0,0,0,0,0,-1,0,0,0.0,0.0,0.0,0.0,0.0,0.16012773722627738,0.0,0.0,0.0,0.0,0.0,0.0,0.208485401459854,0.0,0.0,0.0,0.0,0.0,0.0,0.0,0.7525757575757576,0.0,0.0,0.0,0.0,0.0,0.0,0.8075757575757576,0.0,0.0,-0.048357664233576625,-0.05500000000000005,60,0
137,cgt ,0.14438868613138686,0.6086363636363636,2192,3300,0,0,0,0,0,0,0,0,0,0,0,0,0,0,0,0,0,0,0,0.0,0.0,0.0,0.0,0.0,0.0,0.0,0.0,0.0,0.0,0.0,0.0,0.0,0.0,0.0,0.0,0.0,0.0,0.0,0.0,0.0,0.0,0.0,0.0,0.0,0.0,0.0,0.0,0.0,0.0,0.0,0.0,60,0
136,bill ,0.13891423357664234,0.5651515151515152,2192,3300,0,0,0,0,0,0,0,0,0,0,0,0,0,0,0,0,0,0,0,0.0,0.0,0.0,0.0,0.0,0.0,0.0,0.0,0.0,0.0,0.0,0.0,0.0,0.0,0.0,0.0,0.0,0.0,0.0,0.0,0.0,0.0,0.0,0.0,0.0,0.0,0.0,0.0,0.0,0.0,0.0,0.0,60,0
135,naik kiran mishra rohit bill tally solutions pvt ltd bill ,0.36875,0.18165151515151515,2192,3300,0,0,0,0,0,0,0,0,0,0,0,0,0,0,0,0,0,0,0,0.0,0.0,0.0,0.0,0.0,0.0,0.0,0.0,0.0,0.0,0.0,0.0,0.0,0.0,0.0,0.0,0.0,0.0,0.0,0.0,0.0,0.0,0.0,0.0,0.0,0.0,0.0,0.0,0.0,0.0,0.0,0.0,60,0
134,chocolate hotels pvt. ltd. chocolate ,0.6565237226277373,0.021515151515151515,2192,3300,0,0,0,0,0,0,0,0,0,0,0,0,0,0,0,0,0,0,0,0.0,0.0,0.0,0.0,0.0,0.0,0.0,0.0,0.0,0.0,0.0,0.0,0.0,0.0,0.0,0.0,0.0,0.0,0.0,0.0,0.0,0.0,0.0,0.0,0.0,0.0,0.0,0.0,0.0,0.0,0.0,0.0,60,0
133,bill cgt bill chocolate hotels pvt. ,0.4414537712895377,0.7550252525252525,2192,3300,0,0,0,0,0,0,0,-1,0,1,0,0,0,0,0,0,-1,0,0,0.0,0.0,0.0,0.22125912408759127,0.0,0.026687956204379564,0.0,0.0,0.0,0.0,0.0,0.0,0.1799346107055961,0.0,0.0,0.0,0.0,0.0,0.4034848484848485,0.0,0.12542929292929292,0.0,0.0,0.0,0.0,0.0,0.0,0.5443686868686869,0.0,0.0,-0.3745057785888078,-0.8224242424242424,60,0
132,chocolate hotels pvt. ltd. chocolate naik kiran mishra rohit bill tally solutions pvt ltd bill ,0.4646745742092458,0.12827272727272726,2192,3300,0,0,0,0,0,0,0,0,0,0,0,0,0,0,0,0,0,0,0,0.0,0.0,0.0,0.0,0.0,0.0,0.0,0.0,0.0,0.0,0.0,0.0,0.0,0.0,0.0,0.0,0.0,0.0,0.0,0.0,0.0,0.0,0.0,0.0,0.0,0.0,0.0,0.0,0.0,0.0,0.0,0.0,60,0
175,wps,0.5286405808793868,0.9751712328767124,2479,3504,0,0,0,0,0,0,0,0,0,0,0,0,0,0,0,0,0,0,0,0.0,0.0,0.0,0.0,0.0,0.0,0.0,0.0,0.0,0.0,0.0,0.0,0.0,0.0,0.0,0.0,0.0,0.0,0.0,0.0,0.0,0.0,0.0,0.0,0.0,0.0,0.0,0.0,0.0,0.0,0.0,0.0,65,0
217,insurance ,0.3140379185155305,0.5655714285714286,2479,3500,0,0,0,0,0,0,0,0,0,0,0,0,0,0,0,0,0,0,0,0.0,0.0,0.0,0.0,0.0,0.0,0.0,0.0,0.0,0.0,0.0,0.0,0.0,0.0,0.0,0.0,0.0,0.0,0.0,0.0,0.0,0.0,0.0,0.0,0.0,0.0,0.0,0.0,0.0,0.0,0.0,0.0,69,0
216,insurance ,0.19947559499798306,0.5152857142857142,2479,3500,0,0,0,0,0,0,0,-1,0,0,0,-1,0,0,0,0,0,0,0,0.0,0.0,0.0,0.06595401371520775,0.0,0.0,0.0,0.06978620411456232,0.0,0.0,0.0,0.0,0.0,0.0,0.0,0.0,0.0,0.0,0.33057142857142857,0.0,0.0,0.0,0.26171428571428573,0.0,0.0,0.0,0.0,0.0,0.0,0.0,-0.13574021782977008,-0.5922857142857143,69,0
215,insurance ,0.1335215812827753,0.3068571428571429,2479,3500,0,0,0,0,0,0,0,0,0,0,0,-1,0,0,0,0,0,0,0,0.0,0.0,0.0,0.0,0.0,0.0,0.0,0.06978620411456232,0.0,0.0,0.0,0.0,0.0,0.0,0.0,0.0,0.0,0.0,0.0,0.0,0.0,0.0,0.26171428571428573,0.0,0.0,0.0,0.0,0.0,0.0,0.0,-0.06978620411456232,-0.26171428571428573,69,0
219,insurance ,0.7468737394110528,0.755,2479,3500,0,0,0,0,0,0,0,0,1,0,-1,0,0,0,0,0,-1,0,0,0.0,0.0,0.0,0.0,0.6169826542960871,0.0,0.7309398951189996,0.0,0.0,0.0,0.0,0.0,0.22932634126663978,0.0,0.0,0.0,0.0,0.0,0.0,0.618,0.0,0.608,0.0,0.0,0.0,0.0,0.0,0.7541428571428571,0.0,0.0,-0.34328358208955223,-0.7441428571428571,69,0
211,icici icici lombard general insurance company insurance insurance insurance insurance insurance ,0.3657083134695075,0.313948051948052,2479,3500,0,0,0,0,0,0,0,-1,0,0,0,-1,0,0,0,0,-1,0,0,0.0,0.0,0.0,0.00599581942865525,0.0,0.0,0.0,0.01268840074810224,0.0,0.0,0.0,0.0,0.062873592724339,0.0,0.0,0.0,0.0,0.0,0.030051948051948052,0.0,0.0,0.0,0.04758441558441559,0.0,0.0,0.0,0.0,0.08097402597402598,0.0,0.0,-0.08155781290109648,-0.15861038961038962,69,0
212,insurance ,0.7468737394110528,0.755,2479,3500,0,0,0,0,0,0,0,0,1,0,-1,0,0,0,0,0,-1,0,0,0.0,0.0,0.0,0.0,0.6169826542960871,0.0,0.7309398951189996,0.0,0.0,0.0,0.0,0.0,0.22932634126663978,0.0,0.0,0.0,0.0,0.0,0.0,0.618,0.0,0.608,0.0,0.0,0.0,0.0,0.0,0.7541428571428571,0.0,0.0,-0.34328358208955223,-0.7441428571428571,69,0
213,icici ,0.7047196450181524,0.03042857142857143,2479,3500,0,0,0,0,0,0,0,0,0,0,0,0,0,0,0,0,0,0,0,0.0,0.0,0.0,0.0,0.0,0.0,0.0,0.0,0.0,0.0,0.0,0.0,0.0,0.0,0.0,0.0,0.0,0.0,0.0,0.0,0.0,0.0,0.0,0.0,0.0,0.0,0.0,0.0,0.0,0.0,0.0,0.0,69,0
214,icici lombard general insurance company insurance ,0.418313836224284,0.22888095238095238,2479,3500,0,0,0,0,0,0,0,0,0,0,0,0,0,0,0,0,-1,0,0,0.0,0.0,0.0,0.0,0.0,0.0,0.0,0.0,0.0,0.0,0.0,0.0,0.10219174398278875,0.0,0.0,0.0,0.0,0.0,0.0,0.0,0.0,0.0,0.0,0.0,0.0,0.0,0.0,0.038119047619047615,0.0,0.0,-0.10219174398278875,-0.038119047619047615,69,0
218,insurance ,0.16115369100443727,0.662,2479,3500,0,0,0,0,0,0,0,0,0,0,0,0,0,0,0,0,-1,0,0,0.0,0.0,0.0,0.0,0.0,0.0,0.0,0.0,0.0,0.0,0.0,0.0,0.07845905607099637,0.0,0.0,0.0,0.0,0.0,0.0,0.0,0.0,0.0,0.0,0.0,0.0,0.0,0.0,0.662,0.0,0.0,-0.07845905607099637,-0.662,69,0
204,annamma thomas amr tech tally solutions pvt ltd. tally solutions pvt ltd. tally solutions pvt ltd. annamma thomas annamma thomas amr tech amr tech amr tech ,0.358366935483871,0.47314095204451123,2480,3484,0,0,0,0,1,0,0,-1,0,0,-1,0,0,0,0,1,-1,0,-1,0.07727977667493796,0.0,0.0,0.08073821339950374,0.0,0.0,0.11915322580645162,0.0,0.0,0.0,0.0,0.01198045905707196,0.140136476426799,0.0,0.15265198511166253,0.40874768170979425,0.0,0.0,0.3532191115428773,0.0,0.0,0.06686611322087786,0.0,0.0,0.0,0.0,0.021063322441049193,0.10478671730106862,0.0,0.10505166475315728,-0.40341966501240706,-0.20011260266713762,72,0
203,pvt ltd. ,0.2095766129032258,0.25387485648679675,2480,3484,0,0,0,0,0,0,0,0,0,0,0,0,0,0,0,1,0,0,0,0.0,0.0,0.0,0.0,0.0,0.0,0.0,0.0,0.0,0.0,0.0,0.10383064516129033,0.0,0.0,0.0,0.0,0.0,0.0,0.0,0.0,0.0,0.0,0.0,0.0,0.0,0.0,0.182548794489093,0.0,0.0,0.0,0.10383064516129033,0.182548794489093,72,0
202,kumar sharma ,0.9418346774193549,0.9540757749712974,2480,3484,0,0,0,0,0,0,0,-1,0,0,0,0,0,0,0,0,0,0,0,0.0,0.0,0.0,0.8949596774193549,0.0,0.0,0.0,0.0,0.0,0.0,0.0,0.0,0.0,0.0,0.0,0.0,0.0,0.0,0.893369690011481,0.0,0.0,0.0,0.0,0.0,0.0,0.0,0.0,0.0,0.0,0.0,-0.8949596774193549,-0.893369690011481,72,0
201,pvt ltd. annamma thomas amr tech tally solutions pvt ltd. tally solutions pvt ltd. tally solutions pvt ltd. annamma thomas annamma thomas amr tech amr tech amr tech microsoft microsoft ,0.34309139784946235,0.47638251052430164,2480,3484,0,0,0,0,1,0,0,-1,0,0,-1,0,0,0,0,1,-1,0,-1,0.07002016129032258,0.0,0.0,0.07365591397849464,0.0,0.0,0.10326612903225807,0.0,0.0,0.0,0.0,0.017305107526881722,0.1214516129032258,0.0,0.1322983870967742,0.37035017221584376,0.0,0.0,0.3222349789513967,0.0,0.0,0.05795063145809414,0.0,0.0,0.0,0.0,0.0304247990815155,0.09081515499425948,0.0,0.09104477611940297,-0.3433467741935485,-0.16127057022579402,72,0
206,kumar sharma ,0.9418346774193549,0.9540757749712974,2480,3484,0,0,0,0,0,0,0,-1,0,0,0,0,0,0,0,0,0,0,0,0.0,0.0,0.0,0.8949596774193549,0.0,0.0,0.0,0.0,0.0,0.0,0.0,0.0,0.0,0.0,0.0,0.0,0.0,0.0,0.893369690011481,0.0,0.0,0.0,0.0,0.0,0.0,0.0,0.0,0.0,0.0,0.0,-0.8949596774193549,-0.893369690011481,72,0
205,microsoft microsoft ,0.2780241935483871,0.7410304247990815,2480,3484,0,0,0,0,1,0,0,-1,0,0,0,0,0,0,0,0,0,0,0,0.04566532258064516,0.0,0.0,0.05524193548387097,0.0,0.0,0.0,0.0,0.0,0.0,0.0,0.0,0.0,0.0,0.0,0.24153272101033296,0.0,0.0,0.24167623421354764,0.0,0.0,0.0,0.0,0.0,0.0,0.0,0.0,0.0,0.0,0.0,-0.009576612903225812,-0.00014351320321467909,72,0
194,karnataka ,0.45949214026602175,0.0956658112346735,2481,3507,0,0,0,0,0,0,0,0,0,0,0,0,0,0,0,0,0,0,0,0.0,0.0,0.0,0.0,0.0,0.0,0.0,0.0,0.0,0.0,0.0,0.0,0.0,0.0,0.0,0.0,0.0,0.0,0.0,0.0,0.0,0.0,0.0,0.0,0.0,0.0,0.0,0.0,0.0,0.0,0.0,0.0,73,0
193,ltd ,0.6702942361950827,0.04220131166238951,2481,3507,0,0,0,0,0,0,0,0,0,0,0,0,0,0,0,0,0,0,0,0.0,0.0,0.0,0.0,0.0,0.0,0.0,0.0,0.0,0.0,0.0,0.0,0.0,0.0,0.0,0.0,0.0,0.0,0.0,0.0,0.0,0.0,0.0,0.0,0.0,0.0,0.0,0.0,0.0,0.0,0.0,0.0,73,0
191,ltd karnataka india of karnataka karnataka india ,0.5636839983877469,0.16892745122000896,2481,3507,0,0,0,0,0,0,0,0,0,1,0,0,0,0,0,0,0,0,0,0.0,0.0,0.0,0.0,0.0,0.11233949444348477,0.0,0.0,0.0,0.0,0.0,0.0,0.0,0.0,0.0,0.0,0.0,0.0,0.0,0.0,0.06077640637093161,0.0,0.0,0.0,0.0,0.0,0.0,0.0,0.0,0.0,0.11233949444348477,0.06077640637093161,73,0
200,tally solutions pvt ltd ,0.12515114873035066,0.25552466495580267,2481,3507,0,0,0,0,0,0,0,-1,0,0,0,-1,0,0,0,0,0,0,0,0.0,0.0,0.0,0.04897218863361548,0.0,0.0,0.0,0.04579806529625151,0.0,0.0,0.0,0.0,0.0,0.0,0.0,0.0,0.0,0.0,0.17686056458511548,0.0,0.0,0.0,0.15836184773310522,0.0,0.0,0.0,0.0,0.0,0.0,0.0,-0.09477025392986699,-0.3352224123182207,73,0
199,to. ,0.06529625151148731,0.2358140861134873,2481,3507,0,0,0,0,0,0,0,-1,0,0,0,-1,0,0,0,0,0,0,0,0.0,0.0,0.0,0.06529625151148731,0.0,0.0,0.0,0.06106408706166868,0.0,0.0,0.0,0.0,0.0,0.0,0.0,0.0,0.0,0.0,0.2358140861134873,0.0,0.0,0.0,0.21114913031080695,0.0,0.0,0.0,0.0,0.0,0.0,0.0,-0.12636033857315598,-0.44696321642429426,73,0
198,india ,0.5231761386537687,0.32178500142572,2481,3507,0,0,0,0,0,0,0,0,0,1,0,0,0,0,0,0,0,0,0,0.0,0.0,0.0,0.0,0.0,0.3931882305521967,0.0,0.0,0.0,0.0,0.0,0.0,0.0,0.0,0.0,0.0,0.0,0.0,0.0,0.0,0.21271742229826063,0.0,0.0,0.0,0.0,0.0,0.0,0.0,0.0,0.0,0.3931882305521967,0.21271742229826063,73,0
197,karnataka ,0.5882708585247884,0.3083832335329341,2481,3507,0,0,0,0,0,0,0,0,0,1,0,0,0,0,0,0,0,0,0,0.0,0.0,0.0,0.0,0.0,0.3931882305521967,0.0,0.0,0.0,0.0,0.0,0.0,0.0,0.0,0.0,0.0,0.0,0.0,0.0,0.0,0.21271742229826063,0.0,0.0,0.0,0.0,0.0,0.0,0.0,0.0,0.0,0.3931882305521967,0.21271742229826063,73,0
196,of karnataka ,0.664248286981056,0.15355004277159967,2481,3507,0,0,0,0,0,0,0,0,0,0,0,0,0,0,0,0,0,0,0,0.0,0.0,0.0,0.0,0.0,0.0,0.0,0.0,0.0,0.0,0.0,0.0,0.0,0.0,0.0,0.0,0.0,0.0,0.0,0.0,0.0,0.0,0.0,0.0,0.0,0.0,0.0,0.0,0.0,0.0,0.0,0.0,73,0
192,to. tally solutions pvt ltd karnataka india state bank of india ,0.11822578872155658,0.3929673121289887,2481,3507,0,0,0,0,0,0,0,-1,0,0,0,-1,0,0,0,0,-1,0,0,0.0,0.0,0.0,0.02968011432340332,0.0,0.0,0.0,0.0277564032098494,0.0,0.0,0.0,0.0,0.033271041735370634,0.0,0.0,0.0,0.0,0.0,0.10718822096067605,0.0,0.0,0.0,0.09597687741400315,0.0,0.0,0.0,0.0,0.19560878243512975,0.0,0.0,-0.09070755926862337,-0.39877388080980897,73,0
195,india ,0.37605804111245467,0.10735671514114628,2481,3507,0,0,0,0,0,0,0,0,0,0,0,0,0,0,0,0,0,0,0,0.0,0.0,0.0,0.0,0.0,0.0,0.0,0.0,0.0,0.0,0.0,0.0,0.0,0.0,0.0,0.0,0.0,0.0,0.0,0.0,0.0,0.0,0.0,0.0,0.0,0.0,0.0,0.0,0.0,0.0,0.0,0.0,73,0
34,ifsc,0.10600564288593309,0.6921322690992018,2481,3508,0,0,0,0,0,0,0,0,0,0,0,0,0,0,0,0,0,0,0,0.0,0.0,0.0,0.0,0.0,0.0,0.0,0.0,0.0,0.0,0.0,0.0,0.0,0.0,0.0,0.0,0.0,0.0,0.0,0.0,0.0,0.0,0.0,0.0,0.0,0.0,0.0,0.0,0.0,0.0,0.0,0.0,75,0
43,reg ,0.6458095781071835,0.3084677419354839,3508,2480,0,0,0,0,0,0,0,0,0,0,0,0,0,0,0,0,0,0,0,0.0,0.0,0.0,0.0,0.0,0.0,0.0,0.0,0.0,0.0,0.0,0.0,0.0,0.0,0.0,0.0,0.0,0.0,0.0,0.0,0.0,0.0,0.0,0.0,0.0,0.0,0.0,0.0,0.0,0.0,0.0,0.0,78,0
42,pharmaceuticals ltd 75mg tab pharmaceuticals ltd ,0.16001520334473585,0.6103158602150538,3508,2480,0,0,0,0,0,0,0,0,0,0,0,0,0,0,0,0,0,1,0,0.0,0.0,0.0,0.0,0.0,0.0,0.0,0.0,0.0,0.0,0.0,0.0,0.0,0.030929304446978334,0.0,0.0,0.0,0.0,0.0,0.0,0.0,0.0,0.0,0.0,0.0,0.0,0.0,0.0,0.18125,0.0,0.030929304446978334,0.18125,78,0
45,reg ,0.6458095781071835,0.3084677419354839,3508,2480,0,0,0,0,0,0,0,0,0,0,0,0,0,0,0,0,0,0,0,0.0,0.0,0.0,0.0,0.0,0.0,0.0,0.0,0.0,0.0,0.0,0.0,0.0,0.0,0.0,0.0,0.0,0.0,0.0,0.0,0.0,0.0,0.0,0.0,0.0,0.0,0.0,0.0,0.0,0.0,0.0,0.0,78,0
44,pharmaceuticals ltd 75mg tab pharmaceuticals ltd ,0.16001520334473585,0.6103158602150538,3508,2480,0,0,0,0,0,0,0,0,0,0,0,0,0,0,0,0,0,1,0,0.0,0.0,0.0,0.0,0.0,0.0,0.0,0.0,0.0,0.0,0.0,0.0,0.0,0.030929304446978334,0.0,0.0,0.0,0.0,0.0,0.0,0.0,0.0,0.0,0.0,0.0,0.0,0.0,0.0,0.18125,0.0,0.030929304446978334,0.18125,78,0
9,pvt ltd ,0.3466733870967742,0.33518676931850583,2480,3507,0,0,0,0,0,0,0,-1,0,0,0,0,0,0,0,0,0,0,0,0.0,0.0,0.0,0.17913306451612904,0.0,0.0,0.0,0.0,0.0,0.0,0.0,0.0,0.0,0.0,0.0,0.0,0.0,0.0,0.16110635871114912,0.0,0.0,0.0,0.0,0.0,0.0,0.0,0.0,0.0,0.0,0.0,-0.17913306451612904,-0.16110635871114912,79,0
65,plymex timber pvt ltd ,0.13684475806451613,0.6312731679498147,2480,3507,0,0,0,0,0,0,0,0,0,0,0,0,0,0,0,0,0,0,0,0.0,0.0,0.0,0.0,0.0,0.0,0.0,0.0,0.0,0.0,0.0,0.0,0.0,0.0,0.0,0.0,0.0,0.0,0.0,0.0,0.0,0.0,0.0,0.0,0.0,0.0,0.0,0.0,0.0,0.0,0.0,0.0,80,0
66,"plymex timber pvt, ltd. ",0.5183971774193548,0.03307670373538637,2480,3507,0,0,0,0,0,0,0,0,0,0,0,0,0,0,0,0,0,0,0,0.0,0.0,0.0,0.0,0.0,0.0,0.0,0.0,0.0,0.0,0.0,0.0,0.0,0.0,0.0,0.0,0.0,0.0,0.0,0.0,0.0,0.0,0.0,0.0,0.0,0.0,0.0,0.0,0.0,0.0,0.0,0.0,80,0
67,plymex timber pvt ltd ,0.13684475806451613,0.6312731679498147,2480,3507,0,0,0,0,0,0,0,0,0,0,0,0,0,0,0,0,0,0,0,0.0,0.0,0.0,0.0,0.0,0.0,0.0,0.0,0.0,0.0,0.0,0.0,0.0,0.0,0.0,0.0,0.0,0.0,0.0,0.0,0.0,0.0,0.0,0.0,0.0,0.0,0.0,0.0,0.0,0.0,0.0,0.0,80,0
68,"plymex timber pvt, ltd. ",0.5183971774193548,0.03307670373538637,2480,3507,0,0,0,0,0,0,0,0,0,0,0,0,0,0,0,0,0,0,0,0.0,0.0,0.0,0.0,0.0,0.0,0.0,0.0,0.0,0.0,0.0,0.0,0.0,0.0,0.0,0.0,0.0,0.0,0.0,0.0,0.0,0.0,0.0,0.0,0.0,0.0,0.0,0.0,0.0,0.0,0.0,0.0,80,0
60,lee,0.15980392156862744,0.7460792700313659,2550,3507,0,0,0,0,0,0,0,0,0,0,0,0,0,0,0,0,0,0,0,0.0,0.0,0.0,0.0,0.0,0.0,0.0,0.0,0.0,0.0,0.0,0.0,0.0,0.0,0.0,0.0,0.0,0.0,0.0,0.0,0.0,0.0,0.0,0.0,0.0,0.0,0.0,0.0,0.0,0.0,0.0,0.0,81,0
14,amr tech bharat sanchar nigam ltd ,0.1343097643097643,0.6283257316609654,2475,3508,0,0,0,0,0,0,0,0,0,0,0,0,0,0,0,0,0,0,0,0.0,0.0,0.0,0.0,0.0,0.0,0.0,0.0,0.0,0.0,0.0,0.0,0.0,0.0,0.0,0.0,0.0,0.0,0.0,0.0,0.0,0.0,0.0,0.0,0.0,0.0,0.0,0.0,0.0,0.0,0.0,0.0,82,0
15,atone tata ato ,0.7224915824915824,0.9550551121246675,2475,3508,0,0,0,0,0,0,0,-1,0,0,0,0,0,0,0,0,0,0,0,0.0,0.0,0.0,0.2604040404040404,0.0,0.0,0.0,0.0,0.0,0.0,0.0,0.0,0.0,0.0,0.0,0.0,0.0,0.0,0.318367540858989,0.0,0.0,0.0,0.0,0.0,0.0,0.0,0.0,0.0,0.0,0.0,-0.2604040404040404,-0.318367540858989,82,0
16,amr tech ,0.07212121212121211,0.14630843785632838,2475,3508,0,0,0,0,0,0,0,0,0,0,0,0,0,0,0,0,0,0,0,0.0,0.0,0.0,0.0,0.0,0.0,0.0,0.0,0.0,0.0,0.0,0.0,0.0,0.0,0.0,0.0,0.0,0.0,0.0,0.0,0.0,0.0,0.0,0.0,0.0,0.0,0.0,0.0,0.0,0.0,0.0,0.0,82,0
76,nexus consulting tech tech nexus nexus consulting bank ,0.40613654699475593,0.44973988027366024,2479,3508,0,0,0,0,0,0,0,0,0,0,0,0,0,0,0,0,-1,0,0,0.0,0.0,0.0,0.0,0.0,0.0,0.0,0.0,0.0,0.0,0.0,0.0,0.12391589350544574,0.0,0.0,0.0,0.0,0.0,0.0,0.0,0.0,0.0,0.0,0.0,0.0,0.0,0.0,0.1257304732041049,0.0,0.0,-0.12391589350544574,-0.1257304732041049,83,0
78,nexus ,0.208955223880597,0.050456100342075254,2479,3508,0,0,0,0,0,0,0,0,0,0,0,0,0,0,0,0,0,0,0,0.0,0.0,0.0,0.0,0.0,0.0,0.0,0.0,0.0,0.0,0.0,0.0,0.0,0.0,0.0,0.0,0.0,0.0,0.0,0.0,0.0,0.0,0.0,0.0,0.0,0.0,0.0,0.0,0.0,0.0,0.0,0.0,83,0
79,consulting ,0.236385639370714,0.07055302166476625,2479,3508,0,0,0,0,0,0,0,0,0,0,0,0,0,0,0,0,0,0,0,0.0,0.0,0.0,0.0,0.0,0.0,0.0,0.0,0.0,0.0,0.0,0.0,0.0,0.0,0.0,0.0,0.0,0.0,0.0,0.0,0.0,0.0,0.0,0.0,0.0,0.0,0.0,0.0,0.0,0.0,0.0,0.0,83,0
77,amr bank bank ,0.14306844157590426,0.5674173318129988,2479,3508,0,0,0,0,0,0,0,0,0,0,0,0,0,0,0,0,-1,0,0,0.0,0.0,0.0,0.0,0.0,0.0,0.0,0.0,0.0,0.0,0.0,0.0,0.04524673927659003,0.0,0.0,0.0,0.0,0.0,0.0,0.0,0.0,0.0,0.0,0.0,0.0,0.0,0.0,0.0669422272900038,0.0,0.0,-0.04524673927659003,-0.0669422272900038,83,0
88,kumar sharma ,0.9401209677419355,0.9555109070034443,2480,3484,0,0,0,0,0,0,0,-1,0,1,0,0,0,0,0,0,0,0,0,0.0,0.0,0.0,0.8550403225806451,0.0,0.4303427419354839,0.0,0.0,0.0,0.0,0.0,0.0,0.0,0.0,0.0,0.0,0.0,0.0,0.8491676234213548,0.0,0.4773966704936854,0.0,0.0,0.0,0.0,0.0,0.0,0.0,0.0,0.0,-0.4246975806451612,-0.3717709529276694,84,0
87,ltd. pvt ltd. annamma thomas address tally solutions pvt ltd. annamma thomas address tally solutions pvt ltd. annamma thomas licence address tally solutions pvt ltd. microsoft ,0.37066532258064516,0.4572717036121168,2480,3484,0,0,0,0,1,0,0,-1,0,0,-1,0,0,0,0,1,-1,0,-1,0.0316144540942928,0.0,0.0,0.029745657568238215,0.0,0.0,0.0794044665012407,0.0,0.0,0.0,0.0,0.015973945409429282,0.14013647642679902,0.0,0.15265198511166253,0.1672149606994613,0.0,0.0,0.13013335688421795,0.0,0.0,0.046454119932879984,0.0,0.0,0.0,0.0,0.028084429921398923,0.10455488828049103,0.0,0.10505166475315729,-0.3543501861042184,-0.19089463922988606,84,0
97,microsoft ,0.2780241935483871,0.6666188289322618,2480,3484,0,0,0,0,1,0,0,-1,0,0,0,0,0,0,0,0,0,0,0,0.09133064516129032,0.0,0.0,0.11048387096774194,0.0,0.0,0.0,0.0,0.0,0.0,0.0,0.0,0.0,0.0,0.0,0.4830654420206659,0.0,0.0,0.4833524684270953,0.0,0.0,0.0,0.0,0.0,0.0,0.0,0.0,0.0,0.0,0.0,-0.019153225806451624,-0.00028702640642935817,84,0
96,tally solutions pvt ltd. ,0.7323084677419355,0.5038748564867969,2480,3484,0,0,0,0,0,0,0,0,0,0,-1,0,0,0,0,0,-1,0,-1,0.0,0.0,0.0,0.0,0.0,0.0,0.25806451612903225,0.0,0.0,0.0,0.0,0.0,0.6072580645161291,0.0,0.661491935483871,0.0,0.0,0.0,0.0,0.0,0.0,0.15097588978185994,0.0,0.0,0.0,0.0,0.0,0.45307118254879447,0.0,0.4552238805970149,-1.5268145161290323,-1.0592709529276694,84,0
95,licence address ,0.7130040322580645,0.4830654420206659,2480,3484,0,0,0,0,0,0,0,0,0,0,-1,0,0,0,0,0,-1,0,-1,0.0,0.0,0.0,0.0,0.0,0.0,0.5161290322580645,0.0,0.0,0.0,0.0,0.0,0.6072580645161291,0.0,0.661491935483871,0.0,0.0,0.0,0.0,0.0,0.0,0.3019517795637199,0.0,0.0,0.0,0.0,0.0,0.45307118254879447,0.0,0.4552238805970149,-1.7848790322580648,-1.2102468427095294,84,0
98,kumar sharma ,0.9401209677419355,0.9555109070034443,2480,3484,0,0,0,0,0,0,0,-1,0,1,0,0,0,0,0,0,0,0,0,0.0,0.0,0.0,0.8550403225806451,0.0,0.4303427419354839,0.0,0.0,0.0,0.0,0.0,0.0,0.0,0.0,0.0,0.0,0.0,0.0,0.8491676234213548,0.0,0.4773966704936854,0.0,0.0,0.0,0.0,0.0,0.0,0.0,0.0,0.0,-0.4246975806451612,-0.3717709529276694,84,0
93,address ,0.44979838709677417,0.4845005740528129,2480,3484,0,0,0,0,0,0,0,0,0,0,0,0,0,0,0,0,0,0,0,0.0,0.0,0.0,0.0,0.0,0.0,0.0,0.0,0.0,0.0,0.0,0.0,0.0,0.0,0.0,0.0,0.0,0.0,0.0,0.0,0.0,0.0,0.0,0.0,0.0,0.0,0.0,0.0,0.0,0.0,0.0,0.0,84,0
91,address ,0.14274193548387096,0.4830654420206659,2480,3484,0,0,0,0,1,0,0,0,0,0,0,0,0,0,0,0,0,0,0,0.09133064516129032,0.0,0.0,0.0,0.0,0.0,0.0,0.0,0.0,0.0,0.0,0.0,0.0,0.0,0.0,0.4830654420206659,0.0,0.0,0.0,0.0,0.0,0.0,0.0,0.0,0.0,0.0,0.0,0.0,0.0,0.0,0.09133064516129032,0.4830654420206659,84,0
90,pvt ltd. annamma thomas ,0.17948588709677418,0.26022531572904706,2480,3484,0,0,0,0,0,0,0,0,0,0,0,0,0,0,0,1,0,0,0,0.0,0.0,0.0,0.0,0.0,0.0,0.0,0.0,0.0,0.0,0.0,0.10383064516129033,0.0,0.0,0.0,0.0,0.0,0.0,0.0,0.0,0.0,0.0,0.0,0.0,0.0,0.0,0.182548794489093,0.0,0.0,0.0,0.10383064516129033,0.182548794489093,84,0
89,ltd. ,0.24213709677419354,0.15126291618828933,2480,3484,0,0,0,0,0,0,0,0,0,0,0,0,0,0,0,0,0,0,0,0.0,0.0,0.0,0.0,0.0,0.0,0.0,0.0,0.0,0.0,0.0,0.0,0.0,0.0,0.0,0.0,0.0,0.0,0.0,0.0,0.0,0.0,0.0,0.0,0.0,0.0,0.0,0.0,0.0,0.0,0.0,0.0,84,0
94,tally solutions pvt ltd. annamma thomas ,0.4327956989247312,0.5067451205510908,2480,3484,0,0,0,0,1,0,0,-1,0,0,0,0,0,0,0,0,0,0,0,0.015221774193548386,0.0,0.0,0.03682795698924731,0.0,0.0,0.0,0.0,0.0,0.0,0.0,0.0,0.0,0.0,0.0,0.08051090700344432,0.0,0.0,0.16111748947569843,0.0,0.0,0.0,0.0,0.0,0.0,0.0,0.0,0.0,0.0,0.0,-0.021606182795698925,-0.0806065824722541,84,0
92,tally solutions pvt ltd. annamma thomas ,0.14243951612903225,0.5067690394182932,2480,3484,0,0,0,0,1,0,0,-1,0,0,0,0,0,0,0,0,0,0,0,0.09133064516129032,0.0,0.0,0.07365591397849462,0.0,0.0,0.0,0.0,0.0,0.0,0.0,0.0,0.0,0.0,0.0,0.483065442020666,0.0,0.0,0.32223497895139686,0.0,0.0,0.0,0.0,0.0,0.0,0.0,0.0,0.0,0.0,0.0,0.01767473118279569,0.16083046306926907,84,0
57,makemytrip india pvt. ltd. ,0.4176079064138766,0.7964652223489168,2479,3508,0,0,0,0,0,0,-1,-1,0,1,0,0,0,0,0,0,-1,0,0,0.0,0.0,0.25413473174667206,0.2400161355385236,0.0,0.28499394917305365,0.0,0.0,0.0,0.0,0.0,0.0,0.32553448971359417,0.0,0.0,0.0,0.0,0.7318985176738882,0.762400228050171,0.0,0.6925598631698974,0.0,0.0,0.0,0.0,0.0,0.0,0.7128705815279361,0.0,0.0,-0.5346914078257361,-1.5146094640820982,85,0
56,makemytrip ,0.17305365066559097,0.9258836944127709,2479,3508,0,0,0,0,0,0,0,0,0,0,0,0,0,0,0,0,0,0,0,0.0,0.0,0.0,0.0,0.0,0.0,0.0,0.0,0.0,0.0,0.0,0.0,0.0,0.0,0.0,0.0,0.0,0.0,0.0,0.0,0.0,0.0,0.0,0.0,0.0,0.0,0.0,0.0,0.0,0.0,0.0,0.0,85,0
55,makemytrip india pvt. ltd. ,0.4176079064138766,0.7964652223489168,2479,3508,0,0,0,0,0,0,-1,-1,0,1,0,0,0,0,0,0,-1,0,0,0.0,0.0,0.25413473174667206,0.2400161355385236,0.0,0.28499394917305365,0.0,0.0,0.0,0.0,0.0,0.0,0.32553448971359417,0.0,0.0,0.0,0.0,0.7318985176738882,0.762400228050171,0.0,0.6925598631698974,0.0,0.0,0.0,0.0,0.0,0.0,0.7128705815279361,0.0,0.0,-0.5346914078257361,-1.5146094640820982,85,0
54,makemytrip ,0.17305365066559097,0.9258836944127709,2479,3508,0,0,0,0,0,0,0,0,0,0,0,0,0,0,0,0,0,0,0,0.0,0.0,0.0,0.0,0.0,0.0,0.0,0.0,0.0,0.0,0.0,0.0,0.0,0.0,0.0,0.0,0.0,0.0,0.0,0.0,0.0,0.0,0.0,0.0,0.0,0.0,0.0,0.0,0.0,0.0,0.0,0.0,85,0
221,bank citi bank rajni patel ,0.2493747478822106,0.7856613454960092,2479,3508,0,0,0,0,0,0,0,0,0,0,0,0,0,0,0,0,0,0,0,0.0,0.0,0.0,0.0,0.0,0.0,0.0,0.0,0.0,0.0,0.0,0.0,0.0,0.0,0.0,0.0,0.0,0.0,0.0,0.0,0.0,0.0,0.0,0.0,0.0,0.0,0.0,0.0,0.0,0.0,0.0,0.0,86,0
222,ramesh amr ,0.3839249697458653,0.2534207525655644,2479,3508,0,0,0,0,0,0,0,0,1,0,0,0,0,0,-1,0,0,0,0,0.0,0.0,0.0,0.0,0.0627269060104881,0.0,0.0,0.0,0.0,0.0,0.18485276321097216,0.0,0.0,0.0,0.0,0.0,0.0,0.0,0.0,0.06898517673888255,0.0,0.0,0.0,0.0,0.0,0.09585233751425314,0.0,0.0,0.0,0.0,-0.12212585720048406,-0.026867160775370588,86,0
223,bank ,0.37494957644211374,0.7041049030786773,2479,3508,0,0,0,0,0,0,0,0,0,0,0,0,0,0,0,0,0,0,0,0.0,0.0,0.0,0.0,0.0,0.0,0.0,0.0,0.0,0.0,0.0,0.0,0.0,0.0,0.0,0.0,0.0,0.0,0.0,0.0,0.0,0.0,0.0,0.0,0.0,0.0,0.0,0.0,0.0,0.0,0.0,0.0,86,0
225,ramesh amr ,0.3839249697458653,0.2534207525655644,2479,3508,0,0,0,0,0,0,0,0,1,0,0,0,0,0,-1,0,0,0,0,0.0,0.0,0.0,0.0,0.0627269060104881,0.0,0.0,0.0,0.0,0.0,0.18485276321097216,0.0,0.0,0.0,0.0,0.0,0.0,0.0,0.0,0.06898517673888255,0.0,0.0,0.0,0.0,0.0,0.09585233751425314,0.0,0.0,0.0,0.0,-0.12212585720048406,-0.026867160775370588,86,0
224,citi bank rajni patel ,0.21798104074223476,0.8060504561003421,2479,3508,0,0,0,0,0,0,0,0,0,0,0,0,0,0,0,0,0,0,0,0.0,0.0,0.0,0.0,0.0,0.0,0.0,0.0,0.0,0.0,0.0,0.0,0.0,0.0,0.0,0.0,0.0,0.0,0.0,0.0,0.0,0.0,0.0,0.0,0.0,0.0,0.0,0.0,0.0,0.0,0.0,0.0,86,0
142,vishal khedikar tally solutions pvt amr tech tally solutions pvt ltd tally solutions pvt ltd lee cee tee tee vishal khedikar mangalore num vishal khedikar ,0.2683976510067114,0.37150909090909096,2384,3300,0,0,0,0,0,0,0,0,0,0,0,0,0,0,0,0,0,0,0,0.0,0.0,0.0,0.0,0.0,0.0,0.0,0.0,0.0,0.0,0.0,0.0,0.0,0.0,0.0,0.0,0.0,0.0,0.0,0.0,0.0,0.0,0.0,0.0,0.0,0.0,0.0,0.0,0.0,0.0,0.0,0.0,88,0
141,mangalore motels [nfrastructure india pvt ltd india group ee ee ee cee ee ee ee ,0.7314457494407159,0.2506262626262626,2384,3300,0,0,0,0,0,0,0,0,0,0,0,0,0,0,0,0,0,0,0,0.0,0.0,0.0,0.0,0.0,0.0,0.0,0.0,0.0,0.0,0.0,0.0,0.0,0.0,0.0,0.0,0.0,0.0,0.0,0.0,0.0,0.0,0.0,0.0,0.0,0.0,0.0,0.0,0.0,0.0,0.0,0.0,88,0
150,vishal khedikar ,0.44211409395973156,0.8728030303030303,2384,3300,0,0,0,0,0,0,0,0,0,0,0,0,0,0,0,0,0,0,0,0.0,0.0,0.0,0.0,0.0,0.0,0.0,0.0,0.0,0.0,0.0,0.0,0.0,0.0,0.0,0.0,0.0,0.0,0.0,0.0,0.0,0.0,0.0,0.0,0.0,0.0,0.0,0.0,0.0,0.0,0.0,0.0,88,0
149,mangalore num ,0.40876677852348997,0.703030303030303,2384,3300,0,0,0,0,0,0,0,0,0,0,0,0,0,0,0,0,0,0,0,0.0,0.0,0.0,0.0,0.0,0.0,0.0,0.0,0.0,0.0,0.0,0.0,0.0,0.0,0.0,0.0,0.0,0.0,0.0,0.0,0.0,0.0,0.0,0.0,0.0,0.0,0.0,0.0,0.0,0.0,0.0,0.0,88,0
148,lee cee tee tee vishal khedikar ,0.29963646532438476,0.4555808080808081,2384,3300,0,0,0,0,0,0,0,0,0,0,0,0,0,0,0,0,0,0,0,0.0,0.0,0.0,0.0,0.0,0.0,0.0,0.0,0.0,0.0,0.0,0.0,0.0,0.0,0.0,0.0,0.0,0.0,0.0,0.0,0.0,0.0,0.0,0.0,0.0,0.0,0.0,0.0,0.0,0.0,0.0,0.0,88,0
147,vishal khedikar tally solutions pvt amr tech tally solutions pvt ltd tally solutions pvt ltd ,0.21402404921700222,0.22683838383838387,2384,3300,0,0,0,0,0,0,0,0,0,0,0,0,0,0,0,0,0,0,0,0.0,0.0,0.0,0.0,0.0,0.0,0.0,0.0,0.0,0.0,0.0,0.0,0.0,0.0,0.0,0.0,0.0,0.0,0.0,0.0,0.0,0.0,0.0,0.0,0.0,0.0,0.0,0.0,0.0,0.0,0.0,0.0,88,0
146,ee ee ee cee ee ee ee ,0.7078439597315436,0.44969696969696965,2384,3300,0,0,0,0,0,0,0,0,0,0,0,0,0,0,0,0,0,0,0,0.0,0.0,0.0,0.0,0.0,0.0,0.0,0.0,0.0,0.0,0.0,0.0,0.0,0.0,0.0,0.0,0.0,0.0,0.0,0.0,0.0,0.0,0.0,0.0,0.0,0.0,0.0,0.0,0.0,0.0,0.0,0.0,88,0
145,group ,0.7065855704697986,0.19454545454545455,2384,3300,0,0,0,0,0,0,0,0,0,0,0,0,0,0,0,0,0,0,0,0.0,0.0,0.0,0.0,0.0,0.0,0.0,0.0,0.0,0.0,0.0,0.0,0.0,0.0,0.0,0.0,0.0,0.0,0.0,0.0,0.0,0.0,0.0,0.0,0.0,0.0,0.0,0.0,0.0,0.0,0.0,0.0,88,0
144,india ,0.8057885906040269,0.07257575757575757,2384,3300,0,0,0,0,0,0,0,0,0,0,0,0,0,0,0,0,0,0,0,0.0,0.0,0.0,0.0,0.0,0.0,0.0,0.0,0.0,0.0,0.0,0.0,0.0,0.0,0.0,0.0,0.0,0.0,0.0,0.0,0.0,0.0,0.0,0.0,0.0,0.0,0.0,0.0,0.0,0.0,0.0,0.0,88,0
143,mangalore motels [nfrastructure india pvt ltd ,0.7507340604026846,0.057398989898989894,2384,3300,0,0,0,0,0,0,0,0,0,0,0,0,0,0,0,0,0,0,0,0.0,0.0,0.0,0.0,0.0,0.0,0.0,0.0,0.0,0.0,0.0,0.0,0.0,0.0,0.0,0.0,0.0,0.0,0.0,0.0,0.0,0.0,0.0,0.0,0.0,0.0,0.0,0.0,0.0,0.0,0.0,0.0,88,0
156,rahul,0.1515686274509804,0.771969696969697,2550,3300,0,0,0,0,0,0,0,0,0,0,0,0,0,0,0,0,-1,0,0,0.0,0.0,0.0,0.0,0.0,0.0,0.0,0.0,0.0,0.0,0.0,0.0,0.08960784313725491,0.0,0.0,0.0,0.0,0.0,0.0,0.0,0.0,0.0,0.0,0.0,0.0,0.0,0.0,0.6593939393939394,0.0,0.0,-0.08960784313725491,-0.6593939393939394,89,0
155,shruti sah ,0.7720588235294118,0.15227272727272728,2550,3300,0,0,0,0,0,-1,0,-1,0,0,0,0,0,0,0,0,0,0,0,0.0,0.10372549019607843,0.0,0.1623529411764706,0.0,0.0,0.0,0.0,0.0,0.0,0.0,0.0,0.0,0.0,0.0,0.0,0.10606060606060606,0.0,0.10590909090909091,0.0,0.0,0.0,0.0,0.0,0.0,0.0,0.0,0.0,0.0,0.0,-0.26607843137254905,-0.21196969696969697,90,0
46,thomas,0.1907843137254902,0.05848484848484849,2550,3300,0,0,0,0,0,0,0,0,0,0,0,0,0,0,0,0,0,0,0,0.0,0.0,0.0,0.0,0.0,0.0,0.0,0.0,0.0,0.0,0.0,0.0,0.0,0.0,0.0,0.0,0.0,0.0,0.0,0.0,0.0,0.0,0.0,0.0,0.0,0.0,0.0,0.0,0.0,0.0,0.0,0.0,91,0
220,pvt. aripl-amazon retail india pvt: ltd. ,0.43545026881720433,0.9164053591790192,2480,3508,0,0,0,0,1,0,0,0,0,0,0,0,0,0,0,0,0,0,0,0.2661290322580645,0.0,0.0,0.0,0.0,0.0,0.0,0.0,0.0,0.0,0.0,0.0,0.0,0.0,0.0,0.91633409350057,0.0,0.0,0.0,0.0,0.0,0.0,0.0,0.0,0.0,0.0,0.0,0.0,0.0,0.0,0.2661290322580645,0.91633409350057,93,0
33,toy tally solutions ,0.1503921568627451,0.24843434343434345,2550,3300,0,0,0,0,0,0,0,-1,0,0,0,0,0,0,0,0,0,0,0,0.0,0.0,0.0,0.1345751633986928,0.0,0.0,0.0,0.0,0.0,0.0,0.0,0.0,0.0,0.0,0.0,0.0,0.0,0.0,0.22505050505050503,0.0,0.0,0.0,0.0,0.0,0.0,0.0,0.0,0.0,0.0,0.0,-0.1345751633986928,-0.22505050505050503,94,0
31,toy tally solutions ,0.1503921568627451,0.24843434343434345,2550,3300,0,0,0,0,0,0,0,-1,0,0,0,0,0,0,0,0,0,0,0,0.0,0.0,0.0,0.1345751633986928,0.0,0.0,0.0,0.0,0.0,0.0,0.0,0.0,0.0,0.0,0.0,0.0,0.0,0.0,0.22505050505050503,0.0,0.0,0.0,0.0,0.0,0.0,0.0,0.0,0.0,0.0,0.0,-0.1345751633986928,-0.22505050505050503,94,0
32,pvt: ltd. ,0.25,0.25416666666666665,2550,3300,0,0,0,0,0,0,0,-1,0,0,0,0,0,0,0,0,0,0,0,0.0,0.0,0.0,0.14176470588235293,0.0,0.0,0.0,0.0,0.0,0.0,0.0,0.0,0.0,0.0,0.0,0.0,0.0,0.0,0.19636363636363635,0.0,0.0,0.0,0.0,0.0,0.0,0.0,0.0,0.0,0.0,0.0,-0.14176470588235293,-0.19636363636363635,94,0
30,pvt: ltd. ,0.25,0.25416666666666665,2550,3300,0,0,0,0,0,0,0,-1,0,0,0,0,0,0,0,0,0,0,0,0.0,0.0,0.0,0.14176470588235293,0.0,0.0,0.0,0.0,0.0,0.0,0.0,0.0,0.0,0.0,0.0,0.0,0.0,0.0,0.19636363636363635,0.0,0.0,0.0,0.0,0.0,0.0,0.0,0.0,0.0,0.0,0.0,-0.14176470588235293,-0.19636363636363635,94,0
208,nos nos nos ,0.6503966653220384,0.381468797564688,2479,3504,0,0,0,0,0,-1,0,0,0,0,0,0,1,0,0,0,0,0,0,0.0,0.5564743848325938,0.0,0.0,0.0,0.0,0.0,0.0,0.563735377168213,0.0,0.0,0.0,0.0,0.0,0.0,0.0,0.1415525114155251,0.0,0.0,0.0,0.0,0.0,0.0,0.1151541095890411,0.0,0.0,0.0,0.0,0.0,0.0,0.007260992335619165,-0.026398401826484008,95,0
209,nos ,0.5699878983461073,0.6262842465753424,2479,3504,0,0,0,0,0,0,0,0,0,0,0,0,0,0,0,0,0,0,0,0.0,0.0,0.0,0.0,0.0,0.0,0.0,0.0,0.0,0.0,0.0,0.0,0.0,0.0,0.0,0.0,0.0,0.0,0.0,0.0,0.0,0.0,0.0,0.0,0.0,0.0,0.0,0.0,0.0,0.0,0.0,0.0,95,0
74,anne n ,0.6211693548387096,0.3883266818700114,2480,3508,0,0,0,0,0,0,0,-1,0,0,0,0,0,0,0,0,0,0,0,0.0,0.0,0.0,0.4191532258064516,0.0,0.0,0.0,0.0,0.0,0.0,0.0,0.0,0.0,0.0,0.0,0.0,0.0,0.0,0.21721778791334093,0.0,0.0,0.0,0.0,0.0,0.0,0.0,0.0,0.0,0.0,0.0,-0.4191532258064516,-0.21721778791334093,96,0
207,copy tata -1mg technologies pvt ltd ,0.8141387656313029,0.41196313188901557,2479,3508,0,0,0,0,0,0,0,0,0,0,0,0,0,0,0,0,-1,0,0,0.0,0.0,0.0,0.0,0.0,0.0,0.0,0.0,0.0,0.0,0.0,0.0,0.45878714535430953,0.0,0.0,0.0,0.0,0.0,0.0,0.0,0.0,0.0,0.0,0.0,0.0,0.0,0.0,0.3234511592550361,0.0,0.0,-0.45878714535430953,-0.3234511592550361,98,0
190,tally solutions pvt. ltd. ,0.26411764705882357,0.20920454545454545,850,1100,0,0,0,0,0,0,0,0,0,0,0,0,0,0,0,0,0,0,0,0.0,0.0,0.0,0.0,0.0,0.0,0.0,0.0,0.0,0.0,0.0,0.0,0.0,0.0,0.0,0.0,0.0,0.0,0.0,0.0,0.0,0.0,0.0,0.0,0.0,0.0,0.0,0.0,0.0,0.0,0.0,0.0,99,0
189,kamataka ,0.20470588235294118,0.26590909090909093,850,1100,0,0,0,0,0,0,0,0,0,0,0,0,0,0,0,0,0,0,0,0.0,0.0,0.0,0.0,0.0,0.0,0.0,0.0,0.0,0.0,0.0,0.0,0.0,0.0,0.0,0.0,0.0,0.0,0.0,0.0,0.0,0.0,0.0,0.0,0.0,0.0,0.0,0.0,0.0,0.0,0.0,0.0,99,0
188,tally ,0.11294117647058824,0.4159090909090909,850,1100,0,0,0,0,0,0,0,0,0,0,0,0,0,0,0,0,0,0,0,0.0,0.0,0.0,0.0,0.0,0.0,0.0,0.0,0.0,0.0,0.0,0.0,0.0,0.0,0.0,0.0,0.0,0.0,0.0,0.0,0.0,0.0,0.0,0.0,0.0,0.0,0.0,0.0,0.0,0.0,0.0,0.0,99,0
187,kamataka tally solutions pvt. ltd. ,0.25223529411764706,0.22054545454545454,850,1100,0,0,0,0,0,0,0,0,0,0,0,0,0,0,0,0,0,0,0,0.0,0.0,0.0,0.0,0.0,0.0,0.0,0.0,0.0,0.0,0.0,0.0,0.0,0.0,0.0,0.0,0.0,0.0,0.0,0.0,0.0,0.0,0.0,0.0,0.0,0.0,0.0,0.0,0.0,0.0,0.0,0.0,99,0
40,mia,0.10274542429284526,0.2521875,1202,1600,0,0,0,0,0,0,0,0,0,0,0,0,0,0,0,0,0,0,0,0.0,0.0,0.0,0.0,0.0,0.0,0.0,0.0,0.0,0.0,0.0,0.0,0.0,0.0,0.0,0.0,0.0,0.0,0.0,0.0,0.0,0.0,0.0,0.0,0.0,0.0,0.0,0.0,0.0,0.0,0.0,0.0,104,0
6,ivan,0.25333333333333335,0.8700114025085519,1275,1754,0,0,0,0,0,0,0,0,0,0,0,0,0,0,0,0,0,0,0,0.0,0.0,0.0,0.0,0.0,0.0,0.0,0.0,0.0,0.0,0.0,0.0,0.0,0.0,0.0,0.0,0.0,0.0,0.0,0.0,0.0,0.0,0.0,0.0,0.0,0.0,0.0,0.0,0.0,0.0,0.0,0.0,106,0
130,pvt ltd tae pradesh ,0.2382401017072285,0.10637886597938145,2753,3880,0,0,0,0,0,0,0,0,0,0,0,0,0,0,0,0,0,0,0,0.0,0.0,0.0,0.0,0.0,0.0,0.0,0.0,0.0,0.0,0.0,0.0,0.0,0.0,0.0,0.0,0.0,0.0,0.0,0.0,0.0,0.0,0.0,0.0,0.0,0.0,0.0,0.0,0.0,0.0,0.0,0.0,108,0
128,pvt ltd tae pradesh ,0.2382401017072285,0.10637886597938145,2753,3880,0,0,0,0,0,0,0,0,0,0,0,0,0,0,0,0,0,0,0,0.0,0.0,0.0,0.0,0.0,0.0,0.0,0.0,0.0,0.0,0.0,0.0,0.0,0.0,0.0,0.0,0.0,0.0,0.0,0.0,0.0,0.0,0.0,0.0,0.0,0.0,0.0,0.0,0.0,0.0,0.0,0.0,108,0
131,mee coe ,0.5826371231383944,0.05528350515463917,2753,3880,0,0,0,0,0,0,0,0,0,0,0,0,0,0,0,0,0,0,0,0.0,0.0,0.0,0.0,0.0,0.0,0.0,0.0,0.0,0.0,0.0,0.0,0.0,0.0,0.0,0.0,0.0,0.0,0.0,0.0,0.0,0.0,0.0,0.0,0.0,0.0,0.0,0.0,0.0,0.0,0.0,0.0,108,0
129,mee coe ,0.5826371231383944,0.05528350515463917,2753,3880,0,0,0,0,0,0,0,0,0,0,0,0,0,0,0,0,0,0,0,0.0,0.0,0.0,0.0,0.0,0.0,0.0,0.0,0.0,0.0,0.0,0.0,0.0,0.0,0.0,0.0,0.0,0.0,0.0,0.0,0.0,0.0,0.0,0.0,0.0,0.0,0.0,0.0,0.0,0.0,0.0,0.0,108,0
126,hrp,0.7381813796430294,0.34032328527741373,4146,2289,0,0,0,0,0,0,0,0,0,0,0,0,0,0,0,0,0,0,0,0.0,0.0,0.0,0.0,0.0,0.0,0.0,0.0,0.0,0.0,0.0,0.0,0.0,0.0,0.0,0.0,0.0,0.0,0.0,0.0,0.0,0.0,0.0,0.0,0.0,0.0,0.0,0.0,0.0,0.0,0.0,0.0,110,0
